Time,Flow,Stage
2015-06-01 00:00:00,439000.0,26.79
2015-06-01 01:00:00,458410.91636341414,26.78
2015-06-01 02:00:00,455090.5578970418,26.75
2015-06-01 03:00:00,461385.0691215273,26.78
2015-06-01 04:00:00,457131.8485879089,26.76
2015-06-01 05:00:00,460185.6955373183,26.77
2015-06-01 06:00:00,453394.21134993015,26.71
2015-06-01 07:00:00,418416.72740188765,26.64
2015-06-01 08:00:00,455531.8081772378,26.58
2015-06-01 09:00:00,463863.2219957727,26.66
2015-06-01 10:00:00,438129.2110381055,26.49
2015-06-01 11:00:00,466193.73713732255,26.56
2015-06-01 12:00:00,453331.6082472813,26.55
2015-06-01 13:00:00,451211.4317852741,26.49
2015-06-01 14:00:00,454451.2433377534,26.47
2015-06-01 15:00:00,453891.60781616357,26.45
2015-06-01 16:00:00,443288.11869102233,26.33
2015-06-01 17:00:00,448409.80139612703,26.26
2015-06-01 18:00:00,443322.7553927043,26.17
2015-06-01 19:00:00,453023.3870267174,26.19
2015-06-01 20:00:00,435064.49271867843,26.02
2015-06-01 21:00:00,435142.46210147225,25.85
2015-06-01 22:00:00,452819.38856030063,25.92
2015-06-01 23:00:00,449098.037240783,25.95
2015-06-02 00:00:00,436583.1556087534,25.83
2015-06-02 01:00:00,451608.4101811071,25.87
2015-06-02 02:00:00,441324.72401907906,25.83
2015-06-02 03:00:00,440676.12106498616,25.75
2015-06-02 04:00:00,441470.0319287116,25.71
2015-06-02 05:00:00,431342.25498483813,25.57
2015-06-02 06:00:00,438323.55181504093,25.51
2015-06-02 07:00:00,437706.9903472343,25.48
2015-06-02 08:00:00,427988.37546970585,25.34
2015-06-02 09:00:00,440071.93411621207,25.34
2015-06-02 10:00:00,435912.7619580626,25.31
2015-06-02 11:00:00,436042.01603898004,25.28
2015-06-02 12:00:00,432525.0118864067,25.21
2015-06-02 13:00:00,435222.50656286406,25.19
2015-06-02 14:00:00,427089.35057470103,25.08
2015-06-02 15:00:00,431137.5178132891,25.02
2015-06-02 16:00:00,428601.8873686524,24.95
2015-06-02 17:00:00,431477.944298724,24.93
2015-06-02 19:00:00,409476.41060867114,24.66
2015-06-02 20:00:00,440528.2644734628,24.75
2015-06-02 21:00:00,424645.4914986675,24.72
2015-06-02 22:00:00,424225.1184000718,24.64
2015-06-02 23:00:00,428300.0620670617,24.63
2015-06-03 00:00:00,427834.4992528879,24.62
2015-06-03 01:00:00,416913.5008340507,24.49
2015-06-03 02:00:00,426587.35973501106,24.47
2015-06-03 03:00:00,426285.99721847964,24.48
2015-06-03 04:00:00,420542.8954425213,24.4
2015-06-03 05:00:00,420308.98174826556,24.34
2015-06-03 06:00:00,418371.5903204606,24.26
2015-06-03 07:00:00,424561.29200033756,24.27
2015-06-03 08:00:00,419443.9052562697,24.23
2015-06-03 09:00:00,413689.3803427714,24.11
2015-06-03 10:00:00,417171.00063318975,24.05
2015-06-03 11:00:00,416741.8991265957,24.01
2015-06-03 12:00:00,412732.8295329464,23.93
2015-06-03 13:00:00,413462.6369043695,23.86
2015-06-03 14:00:00,418342.90132147225,23.87
2015-06-03 15:00:00,404057.99293853604,23.71
2015-06-03 16:00:00,418332.5955442696,23.73
2015-06-03 17:00:00,406389.45033564506,23.64
2015-06-03 18:00:00,409842.1497219843,23.57
2015-06-03 19:00:00,412432.4219886193,23.56
2015-06-03 20:00:00,401698.5177931349,23.43
2015-06-03 21:00:00,411074.0343639933,23.41
2015-06-03 22:00:00,413784.4574748844,23.45
2015-06-03 23:00:00,400303.7741128229,23.32
2015-06-04 00:00:00,411735.7472636015,23.33
2015-06-04 01:00:00,402668.535256689,23.25
2015-06-04 02:00:00,409932.8579675884,23.25
2015-06-04 03:00:00,408238.57885431556,23.25
2015-06-04 04:00:00,403131.8291851084,23.19
2015-06-04 05:00:00,406859.4294881708,23.17
2015-06-04 06:00:00,402410.8471041516,23.11
2015-06-04 07:00:00,409054.32899191935,23.14
2015-06-04 08:00:00,403774.51237891644,23.1
2015-06-04 09:00:00,401294.76280989713,23.04
2015-06-04 10:00:00,408621.7095433012,23.07
2015-06-04 11:00:00,401210.4396141749,23.02
2015-06-04 12:00:00,396509.80757950974,22.9
2015-06-04 13:00:00,400760.7008304318,22.86
2015-06-04 14:00:00,404481.213146399,22.89
2015-06-04 15:00:00,406874.07826313254,22.94
2015-06-04 16:00:00,398964.57806669216,22.88
2015-06-04 17:00:00,391993.95600049675,22.74
2015-06-04 18:00:00,407775.9113868587,22.8
2015-06-04 19:00:00,396772.8398243943,22.75
2015-06-04 20:00:00,400664.2364054431,22.74
2015-06-04 21:00:00,396484.79174705927,22.69
2015-06-04 22:00:00,403153.2917137084,22.71
2015-06-04 23:00:00,397351.7308034759,22.68
2015-06-05 00:00:00,400268.57881406945,22.67
2015-06-05 01:00:00,400543.2549130876,22.68
2015-06-05 02:00:00,394970.99068964197,22.61
2015-06-05 03:00:00,395368.92577033606,22.55
2015-06-05 04:00:00,396628.5192667176,22.54
2015-06-05 05:00:00,396213.02106209344,22.51
2015-06-05 06:00:00,398720.2997974876,22.52
2015-06-05 07:00:00,397256.65796275233,22.51
2015-06-05 08:00:00,403484.08249047643,22.58
2015-06-05 09:00:00,397602.17667550896,22.57
2015-06-05 10:00:00,408790.9083480958,22.69
2015-06-05 11:00:00,398541.646489306,22.68
2015-06-05 12:00:00,401317.0707947461,22.68
2015-06-05 13:00:00,399976.4308602222,22.68
2015-06-05 14:00:00,398643.4319633502,22.65
2015-06-05 15:00:00,400985.74104334007,22.66
2015-06-05 16:00:00,401760.29884018045,22.69
2015-06-05 17:00:00,411850.8638146512,22.83
2015-06-05 18:00:00,395676.80094966735,22.75
2015-06-05 19:00:00,395529.43916117057,22.66
2015-06-05 20:00:00,404413.11846233957,22.71
2015-06-05 21:00:00,408161.0620051102,22.81
2015-06-05 22:00:00,394483.0216101518,22.72
2015-06-05 23:00:00,403595.6653960554,22.74
2015-06-06 00:00:00,407031.1641685944,22.82
2015-06-06 01:00:00,405586.22497950244,22.86
2015-06-06 02:00:00,400870.9985389131,22.84
2015-06-06 03:00:00,405384.8972981354,22.86
2015-06-06 04:00:00,408495.15548392263,22.94
2015-06-06 05:00:00,407081.47717580403,22.98
2015-06-06 06:00:00,411846.8019395207,23.06
2015-06-06 07:00:00,409094.6877961231,23.1
2015-06-06 08:00:00,417068.74510414136,23.23
2015-06-06 09:00:00,410384.84811774717,23.26
2015-06-06 10:00:00,418593.8736153793,23.37
2015-06-06 11:00:00,413685.1621077286,23.42
2015-06-06 12:00:00,424186.00257193594,23.57
2015-06-06 13:00:00,419883.73612144083,23.66
2015-06-06 14:00:00,419484.7562582462,23.71
2015-06-06 15:00:00,420981.71626054484,23.78
2015-06-06 16:00:00,419205.00163914805,23.81
2015-06-06 17:00:00,425077.09332789615,23.9
2015-06-06 18:00:00,402413.40687923785,23.72
2015-06-06 19:00:00,422343.8772568339,23.77
2015-06-06 20:00:00,435822.3721789983,24.04
2015-06-06 21:00:00,443009.3990805198,24.34
2015-06-06 22:00:00,431380.5868078476,24.43
2015-06-06 23:00:00,443390.9909943348,24.61
2015-06-07 00:00:00,433555.4949271212,24.69
2015-06-07 01:00:00,433858.9777935649,24.72
2015-06-07 02:00:00,440175.4428554556,24.84
2015-06-07 03:00:00,452596.88150013285,25.09
2015-06-07 04:00:00,446299.57258026977,25.23
2015-06-07 05:00:00,437680.18797843653,25.22
2015-06-07 06:00:00,448849.1762036747,25.34
2015-06-07 07:00:00,445590.343676323,25.42
2015-06-07 08:00:00,436266.76108212845,25.37
2015-06-07 09:00:00,458532.84417858534,25.56
2015-06-07 10:00:00,433097.3733768864,25.49
2015-06-07 11:00:00,462671.1037019344,25.69
2015-06-07 12:00:00,448463.4467014906,25.77
2015-06-07 13:00:00,451576.5112511656,25.82
2015-06-07 14:00:00,442414.21330465714,25.79
2015-06-07 15:00:00,460340.480335582,25.94
2015-06-07 16:00:00,453454.98828952585,26.02
2015-06-07 17:00:00,458970.9544150272,26.12
2015-06-07 18:00:00,460144.87952409644,26.24
2015-06-07 19:00:00,437372.7700346155,26.08
2015-06-07 20:00:00,464720.6011140721,26.2
2015-06-07 21:00:00,446037.96209832927,26.18
2015-06-07 22:00:00,463273.18295711034,26.29
2015-06-07 23:00:00,440518.9224331166,26.17
2015-06-08 00:00:00,472143.7443426385,26.36
2015-06-08 01:00:00,456257.12635284994,26.43
2015-06-08 02:00:00,469969.8202145963,26.57
2015-06-08 03:00:00,450343.57721234125,26.51
2015-06-08 04:00:00,469164.2146040097,26.63
2015-06-08 05:00:00,482001.43786785344,26.87
2015-06-08 06:00:00,463126.62498035515,26.91
2015-06-08 07:00:00,478268.3864510045,27.07
2015-06-08 08:00:00,458263.2311374612,27.04
2015-06-08 09:00:00,477006.52455936756,27.15
2015-06-08 10:00:00,468057.81640664185,27.21
2015-06-08 11:00:00,477985.6516800187,27.34
2015-06-08 12:00:00,475316.4950173774,27.44
2015-06-08 13:00:00,473529.8156268547,27.49
2015-06-08 14:00:00,469389.1018157016,27.49
2015-06-08 15:00:00,478691.21505254175,27.58
2015-06-08 16:00:00,482074.4943695382,27.7
2015-06-08 18:00:00,474400.0956664792,27.73
2015-06-08 19:00:00,482769.5191070037,27.82
2015-06-08 20:00:00,474039.0876269073,27.83
2015-06-08 21:00:00,480139.28942042834,27.88
2015-06-08 22:00:00,482202.4397047945,27.95
2015-06-08 23:00:00,487777.3897659449,28.08
2015-06-09 00:00:00,482160.4770322004,28.13
2015-06-09 01:00:00,484830.0914054593,28.19
2015-06-09 02:00:00,493053.603724451,28.33
2015-06-09 03:00:00,484962.2200733456,28.37
2015-06-09 04:00:00,492492.666109259,28.46
2015-06-09 06:00:00,498155.98304442124,28.62
2015-06-09 07:00:00,490941.066313697,28.68
2015-06-09 08:00:00,501187.2684795921,28.81
2015-06-09 09:00:00,487954.6950011057,28.81
2015-06-09 10:00:00,499914.499254724,28.9
2015-06-09 11:00:00,495392.70118478005,28.97
2015-06-09 12:00:00,493149.782311514,28.99
2015-06-09 13:00:00,499100.0712185391,29.05
2015-06-09 14:00:00,492157.8008362486,29.05
2015-06-09 15:00:00,504899.2641607834,29.17
2015-06-09 16:00:00,501462.08129346854,29.25
2015-06-09 17:00:00,498205.12208291487,29.28
2015-06-09 18:00:00,499542.89892263483,29.3
2015-06-09 21:00:00,517181.72290275776,29.52
2015-06-09 22:00:00,499050.6727517369,29.54
2015-06-09 23:00:00,504620.60330258554,29.56
2015-06-10 00:00:00,509453.84585324867,29.66
2015-06-10 01:00:00,496794.0851053832,29.61
2015-06-10 03:00:00,517407.59947750036,29.76
2015-06-10 04:00:00,512152.7607621791,29.88
2015-06-10 05:00:00,510118.01249709754,29.92
2015-06-10 06:00:00,509942.34460678964,29.95
2015-06-10 07:00:00,503474.45949090197,29.92
2015-06-10 08:00:00,515367.2514152156,30.0
2015-06-10 09:00:00,508524.6607470299,30.03
2015-06-10 10:00:00,512794.06471165334,30.07
2015-06-10 11:00:00,508157.521793017,30.07
2015-06-10 12:00:00,509835.1010159602,30.08
2015-06-10 13:00:00,507752.8417483616,30.07
2015-06-10 14:00:00,514441.21501943853,30.13
2015-06-10 15:00:00,508707.0953812948,30.13
2015-06-10 16:00:00,503764.12992526207,30.06
2015-06-10 17:00:00,505576.1668341447,30.03
2015-06-10 18:00:00,513187.5117890728,30.09
2015-06-10 19:00:00,511316.05281474703,30.12
2015-06-10 20:00:00,496295.2875116781,29.99
2015-06-10 21:00:00,517278.7143511537,30.07
2015-06-10 22:00:00,504964.1416412537,30.05
2015-06-10 23:00:00,501424.3485282771,29.97
2015-06-11 00:00:00,508086.7095965142,29.98
2015-06-11 01:00:00,506948.10776121716,29.99
2015-06-11 02:00:00,500854.4408659512,29.92
2015-06-11 03:00:00,506150.77893940744,29.91
2015-06-11 04:00:00,502661.68876428663,29.89
2015-06-11 05:00:00,500152.9532400628,29.83
2015-06-11 06:00:00,498532.2763910794,29.76
2015-06-11 07:00:00,503918.1027528384,29.76
2015-06-11 08:00:00,489918.9760399578,29.63
2015-06-11 09:00:00,502839.25866825605,29.63
2015-06-11 10:00:00,495743.1543497417,29.59
2015-06-11 11:00:00,494986.62028921116,29.52
2015-06-11 12:00:00,495563.3268796795,29.48
2015-06-11 13:00:00,488189.99657677417,29.37
2015-06-11 14:00:00,498119.9927929486,29.37
2015-06-11 15:00:00,486191.0169544403,29.27
2015-06-11 16:00:00,492613.02700339217,29.23
2015-06-11 17:00:00,484280.6086046885,29.13
2015-06-11 18:00:00,498331.3452583146,29.16
2015-06-11 19:00:00,479152.8619752831,29.03
2015-06-11 20:00:00,488967.5041353677,28.98
2015-06-11 21:00:00,480245.14599328995,28.88
2015-06-11 22:00:00,486318.6864267497,28.84
2015-06-11 23:00:00,473399.5584427899,28.69
2015-06-12 00:00:00,481070.91804797377,28.61
2015-06-12 01:00:00,480914.02009475377,28.57
2015-06-12 02:00:00,476011.5465318461,28.48
2015-06-12 03:00:00,478049.53426549106,28.41
2015-06-12 04:00:00,469223.00768258865,28.28
2015-06-12 05:00:00,471085.76135678164,28.17
2015-06-12 06:00:00,477889.2687668868,28.15
2015-06-12 07:00:00,471289.0365567302,28.09
2015-06-12 08:00:00,463038.69033501635,27.93
2015-06-12 09:00:00,469633.0618756714,27.85
2015-06-12 10:00:00,465130.95297652436,27.76
2015-06-12 11:00:00,464771.29693792685,27.67
2015-06-12 12:00:00,460993.69208905136,27.55
2015-06-12 13:00:00,458095.3373129582,27.43
2015-06-12 14:00:00,463853.1249026752,27.38
2015-06-12 15:00:00,452560.0507229641,27.23
2015-06-12 16:00:00,455533.88173629565,27.11
2015-06-12 17:00:00,465118.2865746216,27.13
2015-06-12 18:00:00,451675.4132171284,27.0
2015-06-12 19:00:00,449932.32080348977,26.86
2015-06-12 20:00:00,457034.5809948936,26.83
2015-06-12 21:00:00,448239.1434908935,26.71
2015-06-12 22:00:00,418057.1001862874,26.64
2015-06-12 23:00:00,455040.9746248818,26.58
2015-06-13 00:00:00,441947.0188585851,26.45
2015-06-13 01:00:00,452075.2465407988,26.4
2015-06-13 02:00:00,444973.90149843803,26.31
2015-06-13 03:00:00,444572.7252382505,26.21
2015-06-13 04:00:00,441870.55195638083,26.1
2015-06-13 05:00:00,447221.747639935,26.07
2015-06-13 06:00:00,440486.39990328444,25.98
2015-06-13 07:00:00,443047.88555890997,25.91
2015-06-13 08:00:00,442668.69508690934,25.86
2015-06-13 09:00:00,438810.02151412104,25.78
2015-06-13 10:00:00,444577.5351587526,25.76
2015-06-13 11:00:00,435017.5163217095,25.65
2015-06-13 12:00:00,440330.05422928627,25.6
2015-06-13 13:00:00,430712.29556684237,25.48
2015-06-13 14:00:00,442835.5877620872,25.49
2015-06-13 15:00:00,430223.21276252536,25.38
2015-06-13 16:00:00,439799.8713033845,25.36
2015-06-13 18:00:00,434785.80748264404,25.32
2015-06-13 19:00:00,436124.0188333606,25.29
2015-06-13 20:00:00,436317.93907418376,25.26
2015-06-13 21:00:00,433742.23414865014,25.21
2015-06-13 22:00:00,434019.3388270188,25.17
2015-06-13 23:00:00,438108.2175771049,25.19
2015-06-14 00:00:00,431433.20463074424,25.13
2015-06-14 01:00:00,436866.988728769,25.13
2015-06-14 02:00:00,429954.5530435042,25.06
2015-06-14 03:00:00,440044.4298424365,25.1
2015-06-14 04:00:00,436911.6003254011,25.13
2015-06-14 05:00:00,435872.353500829,25.12
2015-06-14 06:00:00,440108.774314728,25.16
2015-06-14 07:00:00,437667.73749321955,25.18
2015-06-14 08:00:00,441585.64282848145,25.23
2015-06-14 09:00:00,440583.3636027153,25.26
2015-06-14 10:00:00,443560.88453267317,25.32
2015-06-14 11:00:00,446572.29761255416,25.4
2015-06-14 12:00:00,454189.1937223507,25.56
2015-06-14 13:00:00,448003.3724961334,25.64
2015-06-14 15:00:00,462148.0036789361,25.84
2015-06-14 16:00:00,451845.53136460803,25.91
2015-06-14 17:00:00,467661.06926378177,26.12
2015-06-14 19:00:00,466531.5945334205,26.32
2015-06-14 20:00:00,466522.7166173614,26.46
2015-06-14 21:00:00,466465.76189437177,26.59
2015-06-14 22:00:00,476245.11593688827,26.71
2015-06-14 23:00:00,465878.60447635734,26.8
2015-06-15 00:00:00,466879.0173298824,26.87
2015-06-15 01:00:00,479159.3446812018,27.07
2015-06-15 02:00:00,466698.67070222733,27.12
2015-06-15 03:00:00,479236.26004293276,27.26
2015-06-15 04:00:00,475442.8196591722,27.38
2015-06-15 05:00:00,481809.0838438146,27.52
2015-06-15 06:00:00,478657.16243477067,27.62
2015-06-15 07:00:00,485459.86457366456,27.76
2015-06-15 08:00:00,478186.4719846706,27.82
2015-06-15 09:00:00,493220.00734072365,28.0
2015-06-15 10:00:00,485022.43984901765,28.1
2015-06-15 11:00:00,491200.8366439258,28.23
2015-06-15 12:00:00,489707.5006664392,28.34
2015-06-15 13:00:00,486674.70107340056,28.39
2015-06-15 15:00:00,507089.15153657063,28.64
2015-06-15 16:00:00,481962.73555524455,28.61
2015-06-15 17:00:00,508378.91402354086,28.8
2015-06-15 18:00:00,487455.7925795114,28.82
2015-06-15 20:00:00,510220.7770709314,29.0
2015-06-15 21:00:00,494968.8648080867,29.06
2015-06-15 22:00:00,510808.95511279587,29.23
2015-06-15 23:00:00,497000.9908860393,29.26
2015-06-16 00:00:00,503690.7819457592,29.33
2015-06-16 01:00:00,509165.8954193698,29.46
2015-06-16 02:00:00,511813.50445960707,29.6
2015-06-16 03:00:00,501013.26614896295,29.6
2015-06-16 04:00:00,517758.6778704873,29.76
2015-06-16 05:00:00,505965.4840544148,29.8
2015-06-16 06:00:00,516963.8404948075,29.92
2015-06-16 07:00:00,510391.02128875913,29.98
2015-06-16 09:00:00,521651.41234981414,30.12
2015-06-16 10:00:00,526616.6667945306,30.31
2015-06-16 11:00:00,516976.19962498354,30.36
2015-06-16 12:00:00,519533.00503735396,30.41
2015-06-16 14:00:00,533560.0475503764,30.61
2015-06-16 15:00:00,520893.8519764335,30.66
2015-06-16 16:00:00,521991.5217893876,30.69
2015-06-16 17:00:00,522607.05804821616,30.73
2015-06-16 18:00:00,534011.4583507456,30.88
2015-06-16 19:00:00,520510.0432638456,30.88
2015-06-16 20:00:00,537643.9674954971,31.02
2015-06-16 21:00:00,525898.9049935838,31.05
2015-06-16 22:00:00,539221.7533599875,31.19
2015-06-16 23:00:00,530151.9891759224,31.24
2015-06-17 00:00:00,545914.5876592639,31.4
2015-06-17 01:00:00,539590.1067198568,31.51
2015-06-17 02:00:00,538311.2240184157,31.56
2015-06-17 03:00:00,544982.2360678946,31.68
2015-06-17 04:00:00,539325.6128564125,31.73
2015-06-17 05:00:00,551726.9722098529,31.88
2015-06-17 06:00:00,544960.107162813,31.95
2015-06-17 07:00:00,547385.4479457611,32.02
2015-06-17 08:00:00,545064.0325477236,32.06
2015-06-17 09:00:00,544237.4881510354,32.09
2015-06-17 10:00:00,544904.7571905893,32.1
2015-06-17 11:00:00,549095.2126880905,32.17
2015-06-17 12:00:00,533570.3480036638,32.08
2015-06-17 13:00:00,558465.8669983317,32.22
2015-06-17 14:00:00,550775.8859493358,32.31
2015-06-17 15:00:00,561553.1102916282,32.45
2015-06-17 16:00:00,542320.2696823686,32.4
2015-06-17 17:00:00,557339.352900063,32.48
2015-06-17 18:00:00,559956.5092995217,32.6
2015-06-17 19:00:00,556635.8437043611,32.66
2015-06-17 20:00:00,549231.9448223354,32.64
2015-06-17 21:00:00,551965.259275944,32.64
2015-06-17 22:00:00,565553.991267543,32.78
2015-06-17 23:00:00,562263.2218939614,32.88
2015-06-18 00:00:00,558891.2843956188,32.9
2015-06-18 01:00:00,558823.9336597996,32.93
2015-06-18 02:00:00,554042.1046301102,32.9
2015-06-18 03:00:00,569400.245259282,33.03
2015-06-18 04:00:00,546693.9924425167,32.94
2015-06-18 05:00:00,558047.2583671769,32.93
2015-06-18 06:00:00,578558.7143866642,33.15
2015-06-18 07:00:00,574680.4431708888,33.32
2015-06-18 08:00:00,559058.7438447839,33.28
2015-06-18 09:00:00,559422.1355801728,33.24
2015-06-18 10:00:00,571102.5858768343,33.33
2015-06-18 11:00:00,557301.6898618253,33.29
2015-06-18 13:00:00,589562.7057182427,33.53
2015-06-18 14:00:00,567191.0581532891,33.57
2015-06-18 17:00:00,592699.0199048764,33.79
2015-06-18 18:00:00,576034.0904948161,33.86
2015-06-18 20:00:00,576748.3727835092,33.89
2015-06-18 21:00:00,580896.2147538018,33.96
2015-06-18 22:00:00,581286.8619717822,34.04
2015-06-18 23:00:00,580419.3509439968,34.09
2015-06-19 00:00:00,586019.3500450433,34.18
2015-06-19 01:00:00,580997.1452931293,34.21
2015-06-19 03:00:00,592123.3972984677,34.34
2015-06-19 04:00:00,584374.7259999597,34.39
2015-06-19 05:00:00,596767.6328240711,34.52
2015-06-19 07:00:00,599648.8074596416,34.69
2015-06-19 08:00:00,595348.1834277265,34.77
2015-06-19 09:00:00,600250.2531128793,34.88
2015-06-19 10:00:00,604007.7912149939,35.01
2015-06-19 11:00:00,605138.9238967284,35.14
2015-06-19 12:00:00,615740.957136302,35.34
2015-06-19 13:00:00,611256.3253616196,35.47
2015-06-19 14:00:00,600407.0979565645,35.46
2015-06-19 15:00:00,612181.2016345207,35.55
2015-06-19 16:00:00,607202.2950961213,35.61
2015-06-19 17:00:00,609387.7338429284,35.66
2015-06-19 18:00:00,614877.3271034278,35.76
2015-06-19 19:00:00,602040.7358907892,35.74
2015-06-19 20:00:00,623273.8770741058,35.89
2015-06-19 21:00:00,604540.7382139456,35.88
2015-06-19 22:00:00,608360.0982340932,35.86
2015-06-19 23:00:00,634058.6522086532,36.1
2015-06-20 00:00:00,612235.3602030888,36.14
2015-06-20 01:00:00,611592.2541902888,36.1
2015-06-20 02:00:00,624209.0929533055,36.21
2015-06-20 04:00:00,619543.77073986,36.28
2015-06-20 05:00:00,610685.4319488644,36.24
2015-06-20 08:00:00,623273.6305297799,36.3
2015-06-20 10:00:00,616690.0459266797,36.33
2015-06-20 11:00:00,627022.0992305843,36.42
2015-06-20 13:00:00,611672.5057508623,36.38
2015-06-20 14:00:00,629856.1692189636,36.48
2015-06-20 15:00:00,616406.2804932281,36.48
2015-06-20 16:00:00,636262.5473226281,36.62
2015-06-20 17:00:00,614187.123652841,36.58
2015-06-20 18:00:00,629438.4822723131,36.64
2015-06-20 19:00:00,613154.8683361774,36.58
2015-06-20 20:00:00,627958.4101372852,36.63
2015-06-20 21:00:00,628259.1442252316,36.66
2015-06-20 22:00:00,612867.6641031719,36.63
2015-06-20 23:00:00,617317.7356720079,36.58
2015-06-21 00:00:00,619821.9796867874,36.58
2015-06-21 01:00:00,655207.7560850899,36.84
2015-06-21 02:00:00,611810.3543916463,36.78
2015-06-21 03:00:00,630514.3443284559,36.8
2015-06-21 05:00:00,622213.7596031365,36.81
2015-06-21 06:00:00,632728.1350848763,36.87
2015-06-21 07:00:00,608149.8643466398,36.78
2015-06-21 08:00:00,617972.9204763405,36.73
2015-06-21 09:00:00,613142.0691914491,36.67
2015-06-21 10:00:00,623217.0135446122,36.68
2015-06-21 11:00:00,658127.8480734939,36.94
2015-06-21 12:00:00,612493.9085265526,36.87
2015-06-21 13:00:00,637352.8709467385,36.91
2015-06-21 14:00:00,599819.8758452768,36.79
2015-06-21 15:00:00,646089.4252745103,36.85
2015-06-21 16:00:00,610304.2118234447,36.82
2015-06-21 17:00:00,637046.0288158422,36.85
2015-06-21 18:00:00,598642.5981196077,36.7
2015-06-21 19:00:00,618944.0015838948,36.66
2015-06-21 20:00:00,627457.8130913969,36.72
2015-06-21 21:00:00,628813.246126278,36.76
2015-06-21 22:00:00,607250.729550153,36.69
2015-06-21 23:00:00,622711.2953764659,36.67
2015-06-22 00:00:00,611367.8587643737,36.6
2015-06-22 01:00:00,622576.3870472483,36.6
2015-06-22 02:00:00,635338.7685140708,36.71
2015-06-22 03:00:00,605560.6432122987,36.64
2015-06-22 05:00:00,605533.5405883952,36.47
2015-06-22 07:00:00,625819.5538369397,36.54
2015-06-22 08:00:00,616281.713655219,36.53
2015-06-22 09:00:00,612500.2368535089,36.45
2015-06-22 10:00:00,618983.9281918814,36.45
2015-06-22 11:00:00,623358.465872099,36.5
2015-06-22 12:00:00,608536.2721169431,36.41
2015-06-22 13:00:00,618561.9692975505,36.4
2015-06-22 14:00:00,610893.6627613757,36.35
2015-06-22 15:00:00,620840.7455119449,36.39
2015-06-22 16:00:00,615574.610720098,36.39
2015-06-22 17:00:00,615762.7665640581,36.37
2015-06-22 18:00:00,611885.3158460947,36.33
2015-06-22 19:00:00,609080.896329372,36.26
2015-06-22 20:00:00,628836.2666345054,36.39
2015-06-22 21:00:00,600418.0098343486,36.25
2015-06-22 22:00:00,614772.3135735857,36.23
2015-06-22 23:00:00,628157.2969972967,36.37
2015-06-23 00:00:00,613625.3811816853,36.35
2015-06-23 01:00:00,607889.5455608582,36.26
2015-06-23 02:00:00,627661.9820312392,36.37
2015-06-23 03:00:00,614420.9571808436,36.37
2015-06-23 04:00:00,622401.7763501862,36.4
2015-06-23 05:00:00,617487.2621822458,36.41
2015-06-23 06:00:00,617419.8077906045,36.4
2015-06-23 10:00:00,639958.7491052989,36.6
2015-06-23 11:00:00,613152.204900141,36.55
2015-06-23 12:00:00,614349.3389364369,36.48
2015-06-23 13:00:00,628103.5841624192,36.56
2015-06-23 14:00:00,612427.6654694264,36.5
2015-06-23 15:00:00,629358.1424057033,36.58
2015-06-23 16:00:00,613596.4356042165,36.54
2015-06-23 17:00:00,638293.1442203346,36.67
2015-06-23 18:00:00,607179.2252741159,36.58
2015-06-23 19:00:00,623154.6202138343,36.57
2015-06-23 20:00:00,625549.2617023798,36.64
2015-06-23 21:00:00,618592.7667093823,36.61
2015-06-23 22:00:00,621259.3886948987,36.6
2015-06-23 23:00:00,628976.9682109394,36.66
2015-06-24 00:00:00,620149.7184294881,36.65
2015-06-24 02:00:00,621333.1688298341,36.64
2015-06-24 03:00:00,622644.7145976218,36.65
2015-06-24 04:00:00,614169.8728760871,36.61
2015-06-24 05:00:00,629818.3708329679,36.65
2015-06-24 06:00:00,621559.6267024478,36.67
2015-06-24 07:00:00,630908.4210642754,36.73
2015-06-24 08:00:00,612740.6219423766,36.66
2015-06-24 09:00:00,615645.8534159296,36.6
2015-06-24 10:00:00,636115.6471496144,36.7
2015-06-24 11:00:00,605114.2799089333,36.6
2015-06-24 13:00:00,625705.9091818555,36.61
2015-06-24 15:00:00,614785.1303520035,36.58
2015-06-24 17:00:00,614330.7415957298,36.51
2015-06-24 18:00:00,619495.5269789466,36.51
2015-06-24 19:00:00,606835.6349927753,36.4
2015-06-24 20:00:00,632098.0197428596,36.52
2015-06-24 21:00:00,606288.2103261441,36.43
2015-06-24 22:00:00,619013.6317048831,36.41
2015-06-24 23:00:00,611352.2759861661,36.37
2015-06-25 00:00:00,611184.7618527625,36.31
2015-06-25 03:00:00,606920.3065087944,36.24
2015-06-25 04:00:00,625796.2017809555,36.34
2015-06-25 05:00:00,606626.4861392073,36.27
2015-06-25 07:00:00,612266.6748014542,36.23
2015-06-25 09:00:00,607805.3434301425,36.18
2015-06-25 10:00:00,617762.2779535461,36.21
2015-06-25 11:00:00,608849.6759284999,36.18
2015-06-25 12:00:00,609332.9451458415,36.14
2015-06-25 13:00:00,612193.9149956228,36.14
2015-06-25 14:00:00,605576.0339929422,36.08
2015-06-25 15:00:00,605713.519077259,36.02
2015-06-25 16:00:00,617573.2535059517,36.09
2015-06-25 17:00:00,593460.9973187434,35.94
2015-06-25 18:00:00,614934.7151940512,35.96
2015-06-25 19:00:00,602344.8240723166,35.92
2015-06-25 20:00:00,621359.316981431,36.02
2015-06-25 21:00:00,604271.0509251186,35.99
2015-06-25 22:00:00,603526.5871460933,35.91
2015-06-25 23:00:00,619131.3527220094,36.0
2015-06-26 00:00:00,616340.6174973611,36.08
2015-06-26 01:00:00,615714.3428588278,36.11
2015-06-26 02:00:00,601984.7718301003,36.02
2015-06-26 03:00:00,617706.9808092967,36.07
2015-06-26 04:00:00,603274.8208859053,36.01
2015-06-26 05:00:00,608724.2004948241,35.99
2015-06-26 06:00:00,612265.3602621914,36.0
2015-06-26 07:00:00,613166.9741408423,36.04
2015-06-26 08:00:00,619890.4703620055,36.12
2015-06-26 09:00:00,617709.4455260545,36.18
2015-06-26 10:00:00,611831.9577210345,36.16
2015-06-26 11:00:00,608230.9211672408,36.11
2015-06-26 12:00:00,603758.8364232957,36.04
2015-06-26 13:00:00,615819.1093133094,36.08
2015-06-26 14:00:00,602905.5939649562,36.01
2015-06-26 15:00:00,618385.4224319211,36.07
2015-06-26 16:00:00,602540.9418412877,36.0
2015-06-26 17:00:00,613911.547232086,36.02
2015-06-26 18:00:00,602859.250209354,35.96
2015-06-26 19:00:00,607446.0777978632,35.94
2015-06-26 20:00:00,608135.4056978665,35.94
2015-06-26 21:00:00,606230.6607090383,35.91
2015-06-26 22:00:00,605519.2417329043,35.89
2015-06-26 23:00:00,607072.377812432,35.88
2015-06-27 00:00:00,606811.5502650243,35.87
2015-06-27 01:00:00,601481.9615911313,35.81
2015-06-27 02:00:00,612317.9993139022,35.85
2015-06-27 03:00:00,598523.2003283715,35.79
2015-06-27 04:00:00,612437.6664549846,35.83
2015-06-27 05:00:00,611461.6125202989,35.89
2015-06-27 06:00:00,602370.8632362174,35.84
2015-06-27 08:00:00,611329.9013241169,35.86
2015-06-27 09:00:00,602729.2711870964,35.83
2015-06-27 10:00:00,617507.3684888658,35.91
2015-06-27 12:00:00,617066.5678364275,36.0
2015-06-27 13:00:00,616013.8788503592,36.05
2015-06-27 14:00:00,611477.2931053581,36.05
2015-06-27 15:00:00,617448.9760452086,36.1
2015-06-27 16:00:00,613107.5694663943,36.12
2015-06-27 17:00:00,612757.1676845466,36.12
2015-06-27 18:00:00,629684.9625013726,36.28
2015-06-27 19:00:00,613723.1867034424,36.29
2015-06-27 21:00:00,622436.0231852146,36.34
2015-06-27 23:00:00,613260.6847543722,36.32
2015-06-28 00:00:00,621768.0718996475,36.36
2015-06-28 01:00:00,620518.2014446183,36.4
2015-06-28 04:00:00,630460.2724449225,36.52
2015-06-28 05:00:00,616720.7471578901,36.5
2015-06-28 06:00:00,634705.7898227281,36.63
2015-06-28 07:00:00,626387.9139137934,36.67
2015-06-28 08:00:00,624403.5066595486,36.69
2015-06-28 09:00:00,623611.5782070436,36.7
2015-06-28 10:00:00,638569.3511592025,36.82
2015-06-28 12:00:00,606930.2245010695,36.72
2015-06-28 13:00:00,627802.3818469871,36.74
2015-06-28 14:00:00,648919.9799510789,36.92
2015-06-28 15:00:00,607894.4662727219,36.83
2015-06-28 16:00:00,636383.1508835129,36.88
2015-06-28 17:00:00,634382.2652825216,36.95
2015-06-28 18:00:00,633215.7063576564,37.01
2015-06-28 19:00:00,647429.8615837917,37.17
2015-06-28 21:00:00,619164.641599325,37.11
2015-06-28 22:00:00,651143.1635582923,37.26
2015-06-29 00:00:00,621389.2998982931,37.23
2015-06-29 01:00:00,636986.9917868839,37.25
2015-06-29 02:00:00,642894.9975085546,37.39
2015-06-29 05:00:00,652789.6408827401,37.56
2015-06-29 06:00:00,627438.5721541077,37.51
2015-06-29 07:00:00,630351.0671768391,37.46
2015-06-29 08:00:00,634236.5746800074,37.48
2015-06-29 09:00:00,633307.1264033648,37.49
2015-06-29 11:00:00,638589.6514877019,37.53
2015-06-29 12:00:00,630731.9973682258,37.5
2015-06-29 15:00:00,665370.5611812685,37.75
2015-06-29 16:00:00,622037.120122302,37.65
2015-06-29 17:00:00,631343.154348004,37.59
2015-06-29 18:00:00,625000.5614812445,37.51
2015-06-29 20:00:00,640725.453404494,37.56
2015-06-29 21:00:00,644799.3254599127,37.66
2015-06-29 22:00:00,656122.6635688281,37.84
2015-06-29 23:00:00,635815.8902090712,37.82
2015-06-30 00:00:00,628555.9551915723,37.72
2015-06-30 02:00:00,638754.403011749,37.73
2015-06-30 03:00:00,636678.0263165546,37.74
2015-06-30 06:00:00,671843.591341161,38.01
2015-06-30 07:00:00,628135.7462227895,37.94
2015-06-30 09:00:00,645523.4093127976,37.94
2015-06-30 14:00:00,696118.1395431975,38.39
2015-06-30 15:00:00,631973.9837831687,38.3
2015-06-30 16:00:00,652306.257248589,38.29
2015-06-30 17:00:00,656396.669645342,38.37
2015-06-30 18:00:00,648329.2107373019,38.39
2015-06-30 19:00:00,639589.4378965849,38.32
2015-06-30 20:00:00,668008.7716669118,38.45
2015-06-30 21:00:00,632319.8304721733,38.37
2015-07-01 00:00:00,658301.2100918277,38.41
2015-07-01 01:00:00,645614.4751005266,38.42
2015-07-01 03:00:00,648548.9941854369,38.41
2015-07-01 04:00:00,634345.5657597327,38.34
2015-07-01 05:00:00,640173.3068270623,38.28
2015-07-01 06:00:00,651866.388429205,38.31
2015-07-01 07:00:00,647545.5588576349,38.34
2015-07-01 08:00:00,616119.4224019081,38.11
2015-07-01 09:00:00,679085.7764153236,38.34
2015-07-01 10:00:00,617088.9544179615,38.16
2015-07-01 11:00:00,659328.4273157469,38.21
2015-07-01 12:00:00,613687.5700840811,38.0
2015-07-01 13:00:00,648297.2041176745,38.01
2015-07-01 14:00:00,627936.4362650347,37.94
2015-07-01 15:00:00,647719.3518632124,37.97
2015-07-01 16:00:00,634150.0654491065,37.94
2015-07-01 17:00:00,638656.6127447173,37.9
2015-07-01 18:00:00,630225.309766673,37.84
2015-07-01 19:00:00,631859.8627066809,37.77
2015-07-01 20:00:00,638530.5234363077,37.78
2015-07-01 21:00:00,637926.5668041811,37.79
2015-07-01 22:00:00,643406.173413153,37.83
2015-07-01 23:00:00,624270.1035184184,37.71
2015-07-02 00:00:00,641834.9438223738,37.74
2015-07-02 01:00:00,620521.4713522751,37.61
2015-07-02 02:00:00,632990.1769291748,37.58
2015-07-02 03:00:00,633929.3393700169,37.59
2015-07-02 04:00:00,634479.6527045261,37.59
2015-07-02 05:00:00,627606.9705315178,37.53
2015-07-02 06:00:00,639395.9198659301,37.56
2015-07-02 07:00:00,627841.9286151857,37.52
2015-07-02 08:00:00,635120.7741799473,37.52
2015-07-02 09:00:00,625941.3936401838,37.46
2015-07-02 10:00:00,634036.0753581616,37.46
2015-07-02 11:00:00,627116.0115460367,37.44
2015-07-02 12:00:00,630505.6138204825,37.41
2015-07-02 13:00:00,626221.1948861214,37.37
2015-07-02 14:00:00,638117.1963060271,37.42
2015-07-02 15:00:00,623095.7162385399,37.35
2015-07-02 16:00:00,634759.9267557148,37.37
2015-07-02 17:00:00,624505.9530577525,37.33
2015-07-02 18:00:00,636734.9356487799,37.36
2015-07-02 19:00:00,623758.1913501577,37.31
2015-07-02 20:00:00,632888.4859114173,37.32
2015-07-02 21:00:00,621867.8545957212,37.25
2015-07-02 22:00:00,638753.3925899605,37.32
2015-07-02 23:00:00,617252.1146692056,37.23
2015-07-03 00:00:00,636027.82782322,37.25
2015-07-03 01:00:00,622839.1479444524,37.22
2015-07-03 02:00:00,632082.4490495296,37.24
2015-07-03 03:00:00,629584.0329687619,37.25
2015-07-03 04:00:00,625256.3099300432,37.22
2015-07-03 05:00:00,629407.3284593909,37.22
2015-07-03 06:00:00,628412.4107572461,37.22
2015-07-03 07:00:00,628209.1826980632,37.21
2015-07-03 08:00:00,628116.4272120947,37.2
2015-07-03 09:00:00,631325.2987824758,37.23
2015-07-03 10:00:00,626918.8120196532,37.21
2015-07-03 11:00:00,621737.943996056,37.15
2015-07-03 12:00:00,635869.0843717173,37.2
2015-07-03 13:00:00,614514.9485428326,37.13
2015-07-03 14:00:00,637206.2922013385,37.18
2015-07-03 15:00:00,624766.2804717137,37.17
2015-07-03 16:00:00,622593.1271048812,37.12
2015-07-03 17:00:00,634340.0039658635,37.16
2015-07-03 18:00:00,612315.5097654612,37.14
2015-07-03 19:00:00,622881.1494960742,37.09
2015-07-03 20:00:00,632198.213996272,37.12
2015-07-03 21:00:00,624854.915882547,37.1
2015-07-03 22:00:00,621723.7074710288,37.07
2015-07-03 23:00:00,626415.7733481595,37.06
2015-07-04 00:00:00,628708.974413255,37.09
2015-07-04 01:00:00,612614.0263442793,36.99
2015-07-04 02:00:00,634050.1483998689,37.03
2015-07-04 03:00:00,624444.4917415774,37.04
2015-07-04 04:00:00,624875.8428564274,37.01
2015-07-04 05:00:00,627736.5944044387,37.03
2015-07-04 06:00:00,618257.8868219682,36.97
2015-07-04 07:00:00,626615.9857176967,36.97
2015-07-04 08:00:00,617940.3545192248,36.94
2015-07-04 09:00:00,625031.7018289797,36.93
2015-07-04 10:00:00,638622.4766673369,36.95
2015-07-04 11:00:00,622302.5496617518,36.94
2015-07-04 12:00:00,617859.029733546,36.87
2015-07-04 13:00:00,623939.6055289537,36.86
2015-07-04 14:00:00,615394.1319948104,36.8
2015-07-04 15:00:00,624632.056797883,36.8
2015-07-04 16:00:00,620213.8389737118,36.78
2015-07-04 17:00:00,621940.8337211014,36.76
2015-07-04 18:00:00,615296.0842104177,36.72
2015-07-04 19:00:00,614071.9865258189,36.69
2015-07-04 20:00:00,618748.0292203861,36.65
2015-07-04 21:00:00,613625.573980713,36.6
2015-07-04 22:00:00,618400.3871944573,36.58
2015-07-04 23:00:00,617393.8468544136,36.55
2015-07-05 00:00:00,617041.603370785,36.53
2015-07-05 01:00:00,612269.1151253335,36.46
2015-07-05 02:00:00,621506.1395406714,36.49
2015-07-05 03:00:00,611892.4845462585,36.44
2015-07-05 04:00:00,616346.9952324675,36.41
2015-07-05 05:00:00,612288.4104481284,36.37
2015-07-05 06:00:00,612351.7327023841,36.33
2015-07-05 07:00:00,609430.2040690293,36.27
2015-07-05 08:00:00,620907.143652366,36.32
2015-07-05 09:00:00,602657.207074582,36.21
2015-07-05 10:00:00,616987.0488216097,36.22
2015-07-05 11:00:00,607603.1972848949,36.18
2015-07-05 12:00:00,613442.0712647875,36.17
2015-07-05 13:00:00,608415.9841100824,36.14
2015-07-05 14:00:00,607224.5334700047,36.09
2015-07-05 15:00:00,605112.7320719408,36.03
2015-07-05 16:00:00,599484.7932078626,35.93
2015-07-05 17:00:00,610124.9255183927,35.94
2015-07-05 18:00:00,605090.5626632917,35.91
2015-07-05 19:00:00,600379.7176675829,35.84
2015-07-05 20:00:00,594648.7007502599,35.72
2015-07-05 21:00:00,604170.4309551594,35.7
2015-07-05 22:00:00,600655.2015668727,35.68
2015-07-05 23:00:00,599830.3445083302,35.64
2015-07-06 00:00:00,596319.2825006392,35.57
2015-07-06 01:00:00,590918.9163829414,35.46
2015-07-06 02:00:00,602072.772241849,35.47
2015-07-06 03:00:00,593900.4004821414,35.42
2015-07-06 04:00:00,593594.305970378,35.35
2015-07-06 05:00:00,594895.8426573636,35.32
2015-07-06 06:00:00,586060.4942932959,35.21
2015-07-06 07:00:00,588406.2621609839,35.14
2015-07-06 08:00:00,587920.5779234708,35.08
2015-07-06 09:00:00,588893.7067936817,35.04
2015-07-06 10:00:00,584797.2361690336,34.96
2015-07-06 11:00:00,586778.6021891659,34.91
2015-07-06 12:00:00,584476.2211669595,34.85
2015-07-06 13:00:00,581616.1556403094,34.78
2015-07-06 14:00:00,591930.6612682182,34.8
2015-07-06 15:00:00,574788.1556608622,34.69
2015-07-06 16:00:00,581397.8961207505,34.62
2015-07-06 17:00:00,578724.4762308492,34.56
2015-07-06 18:00:00,575694.0255642097,34.48
2015-07-06 19:00:00,576399.9028223415,34.41
2015-07-06 20:00:00,577404.42913438,34.37
2015-07-06 21:00:00,569598.5377195561,34.26
2015-07-06 22:00:00,571022.784440232,34.18
2015-07-06 23:00:00,571478.7622797006,34.12
2015-07-07 00:00:00,561437.8706194742,33.98
2015-07-07 01:00:00,568473.0518641673,33.91
2015-07-07 02:00:00,568757.1366870421,33.88
2015-07-07 03:00:00,561094.0175697772,33.77
2015-07-07 04:00:00,564802.2389527139,33.7
2015-07-07 05:00:00,561097.0353632726,33.63
2015-07-07 06:00:00,562576.3772157438,33.57
2015-07-07 07:00:00,558057.6252567894,33.49
2015-07-07 08:00:00,553979.5353631881,33.37
2015-07-07 09:00:00,562895.5495435722,33.35
2015-07-07 10:00:00,548627.037291981,33.22
2015-07-07 11:00:00,562229.279248,33.21
2015-07-07 12:00:00,551556.8231853887,33.14
2015-07-07 13:00:00,548699.8461842786,33.02
2015-07-07 14:00:00,553706.2028349309,32.98
2015-07-07 15:00:00,549089.9193697497,32.9
2015-07-07 16:00:00,547659.6040595442,32.82
2015-07-07 17:00:00,544168.5461745296,32.72
2015-07-07 18:00:00,546476.8818172483,32.65
2015-07-07 19:00:00,544127.4695378033,32.59
2015-07-07 20:00:00,543106.783483509,32.51
2015-07-07 21:00:00,539823.9768440519,32.42
2015-07-07 22:00:00,539093.2844568717,32.34
2015-07-07 23:00:00,543166.4123957305,32.3
2015-07-08 00:00:00,535975.2326017872,32.21
2015-07-08 01:00:00,536875.0825798674,32.14
2015-07-08 02:00:00,534477.669710114,32.05
2015-07-08 03:00:00,534558.3502806353,31.99
2015-07-08 04:00:00,532066.7127469393,31.9
2015-07-08 05:00:00,536460.1444325012,31.88
2015-07-08 06:00:00,527748.6078962986,31.78
2015-07-08 07:00:00,532569.1104544987,31.73
2015-07-08 08:00:00,528873.7203257771,31.66
2015-07-08 09:00:00,526661.6372971551,31.58
2015-07-08 10:00:00,532944.6399494044,31.57
2015-07-08 11:00:00,533432.8804946813,31.58
2015-07-08 12:00:00,533368.8987187818,31.58
2015-07-08 13:00:00,531996.5211901525,31.56
2015-07-08 14:00:00,524817.4442869506,31.48
2015-07-08 15:00:00,528137.7425163077,31.44
2015-07-08 16:00:00,528395.2092188281,31.41
2015-07-08 17:00:00,521451.77629901905,31.32
2015-07-08 18:00:00,530750.9422749896,31.33
2015-07-08 19:00:00,527504.8954639643,31.32
2015-07-08 20:00:00,525252.294779272,31.28
2015-07-08 21:00:00,529385.1516579094,31.29
2015-07-08 22:00:00,530877.6353663064,31.3
2015-07-08 23:00:00,526162.3611973966,31.29
2015-07-09 00:00:00,531999.9189368421,31.31
2015-07-09 01:00:00,535663.6570178001,31.39
2015-07-09 02:00:00,532588.8319445613,31.4
2015-07-09 03:00:00,533395.9664929975,31.43
2015-07-09 04:00:00,535157.7798638808,31.47
2015-07-09 05:00:00,537957.3852171451,31.54
2015-07-09 06:00:00,535923.9474644336,31.57
2015-07-09 07:00:00,539390.2458033176,31.63
2015-07-09 08:00:00,538199.1975083105,31.67
2015-07-09 09:00:00,541675.0537608655,31.74
2015-07-09 10:00:00,544889.5993799107,31.83
2015-07-09 11:00:00,542965.4378323893,31.89
2015-07-09 12:00:00,546051.467827476,31.95
2015-07-09 13:00:00,546931.9603918721,32.03
2015-07-09 14:00:00,546634.2211529992,32.09
2015-07-09 15:00:00,554302.9456235261,32.2
2015-07-09 16:00:00,549212.6735834408,32.26
2015-07-09 17:00:00,555991.953164213,32.36
2015-07-09 18:00:00,558311.3102321441,32.49
2015-07-09 19:00:00,556404.7136288324,32.56
2015-07-09 20:00:00,560736.3215895547,32.66
2015-07-09 21:00:00,560985.8890914689,32.75
2015-07-09 22:00:00,558787.0254335294,32.8
2015-07-09 23:00:00,566527.6993389421,32.92
2015-07-10 00:00:00,564182.7994204747,33.0
2015-07-10 01:00:00,564106.1923656465,33.06
2015-07-10 02:00:00,573624.1873385047,33.2
2015-07-10 03:00:00,566121.3987962073,33.26
2015-07-10 04:00:00,578047.7943424693,33.4
2015-07-10 05:00:00,575817.6614366975,33.53
2015-07-10 06:00:00,583098.4550187456,33.69
2015-07-10 07:00:00,581675.0506316907,33.81
2015-07-10 08:00:00,577837.6417182509,33.87
2015-07-10 09:00:00,579032.1318845828,33.93
2015-07-10 10:00:00,583840.3138074948,34.03
2015-07-10 11:00:00,589638.8479132706,34.17
2015-07-10 12:00:00,576388.087033012,34.16
2015-07-10 13:00:00,596181.0384702178,34.32
2015-07-10 14:00:00,579589.6723380815,34.34
2015-07-10 15:00:00,598509.7939672659,34.49
2015-07-10 16:00:00,589860.9063105107,34.57
2015-07-10 17:00:00,591148.7541692606,34.62
2015-07-10 18:00:00,595463.6932984634,34.71
2015-07-10 19:00:00,591518.6953431047,34.75
2015-07-10 20:00:00,597137.4477011843,34.84
2015-07-10 21:00:00,593131.9982537561,34.88
2015-07-10 22:00:00,601314.8167602359,34.98
2015-07-10 23:00:00,596203.8644541955,35.03
2015-07-11 00:00:00,594048.7897528758,35.04
2015-07-11 01:00:00,603048.8238802685,35.13
2015-07-11 02:00:00,602670.4882724107,35.21
2015-07-11 03:00:00,595500.7193567707,35.2
2015-07-11 04:00:00,603295.2467544137,35.26
2015-07-11 05:00:00,600865.53474367,35.3
2015-07-11 06:00:00,599817.9450500552,35.32
2015-07-11 07:00:00,602826.5568918575,35.36
2015-07-11 08:00:00,600834.3946718861,35.39
2015-07-11 09:00:00,603098.9922599577,35.42
2015-07-11 10:00:00,597958.576066762,35.4
2015-07-11 11:00:00,608166.411244593,35.48
2015-07-11 12:00:00,594793.8580676826,35.44
2015-07-11 13:00:00,605363.8632449023,35.47
2015-07-11 14:00:00,603386.1257524203,35.5
2015-07-11 15:00:00,601771.6522999399,35.5
2015-07-11 16:00:00,597721.1474968863,35.47
2015-07-11 17:00:00,605885.319079752,35.51
2015-07-11 18:00:00,605288.6379070292,35.55
2015-07-11 19:00:00,591506.5975483702,35.45
2015-07-11 20:00:00,604635.4612844823,35.48
2015-07-11 21:00:00,592936.8138545996,35.42
2015-07-11 22:00:00,600331.1302140501,35.41
2015-07-11 23:00:00,593440.0712725188,35.36
2015-07-12 00:00:00,604451.922087348,35.4
2015-07-12 01:00:00,583675.9352793029,35.27
2015-07-12 02:00:00,589798.9790080392,35.19
2015-07-12 03:00:00,602612.6004529411,35.25
2015-07-12 04:00:00,585555.3514726857,35.16
2015-07-12 05:00:00,598104.4690320584,35.17
2015-07-12 06:00:00,588474.2669754536,35.12
2015-07-12 07:00:00,591549.0899586949,35.09
2015-07-12 08:00:00,579981.2832952132,34.96
2015-07-12 09:00:00,594723.8952672755,34.98
2015-07-12 10:00:00,583972.8854827714,34.92
2015-07-12 11:00:00,588158.4560381318,34.89
2015-07-12 12:00:00,582609.8386179283,34.82
2015-07-12 13:00:00,580345.4814405304,34.74
2015-07-12 14:00:00,587672.4601119166,34.74
2015-07-12 15:00:00,583511.1119303214,34.7
2015-07-12 16:00:00,576972.1148526102,34.6
2015-07-12 17:00:00,577703.9155938358,34.53
2015-07-12 18:00:00,583050.1833797173,34.52
2015-07-12 19:00:00,576399.1135333031,34.45
2015-07-12 20:00:00,579096.6807728126,34.41
2015-07-12 21:00:00,575697.7429102926,34.35
2015-07-12 22:00:00,576248.4096551683,34.3
2015-07-12 23:00:00,571038.515783899,34.22
2015-07-13 00:00:00,579262.8739133546,34.22
2015-07-13 01:00:00,573839.9855503055,34.19
2015-07-13 02:00:00,573019.9710966968,34.14
2015-07-13 03:00:00,573964.0821131361,34.1
2015-07-13 04:00:00,571450.9039510237,34.05
2015-07-13 05:00:00,571704.8863693348,34.01
2015-07-13 06:00:00,569796.7134500771,33.96
2015-07-13 07:00:00,569909.368899374,33.92
2015-07-13 08:00:00,568085.3936792947,33.87
2015-07-13 09:00:00,574306.204672638,33.89
2015-07-13 10:00:00,559046.9050887636,33.76
2015-07-13 11:00:00,574138.0657120073,33.78
2015-07-13 12:00:00,569861.5851820523,33.79
2015-07-13 13:00:00,566011.3567551163,33.74
2015-07-13 14:00:00,575757.1088301011,33.79
2015-07-13 15:00:00,567512.245114294,33.76
2015-07-13 16:00:00,567896.6160706577,33.73
2015-07-13 17:00:00,573810.9557789668,33.76
2015-07-13 18:00:00,561795.8607716269,33.69
2015-07-13 19:00:00,570492.6746168095,33.69
2015-07-13 20:00:00,567384.478885957,33.68
2015-07-13 21:00:00,570228.8658240474,33.69
2015-07-13 22:00:00,568050.5867531794,33.68
2015-07-13 23:00:00,567112.1489215047,33.65
2015-07-14 00:00:00,566015.9841701281,33.63
2015-07-14 01:00:00,578246.4953916552,33.72
2015-07-14 02:00:00,564091.3983925611,33.68
2015-07-14 03:00:00,565360.377878558,33.63
2015-07-14 04:00:00,571976.540234513,33.66
2015-07-14 05:00:00,573613.1845714166,33.71
2015-07-14 06:00:00,565959.5099299413,33.68
2015-07-14 07:00:00,567720.5115326934,33.65
2015-07-14 08:00:00,571912.0898195016,33.69
2015-07-14 09:00:00,561903.6880569323,33.62
2015-07-14 10:00:00,570920.7816229875,33.64
2015-07-14 11:00:00,561249.5733746208,33.58
2015-07-14 12:00:00,583777.1430798834,33.72
2015-07-14 13:00:00,572542.3633666842,33.77
2015-07-14 14:00:00,562941.9289768779,33.69
2015-07-14 15:00:00,586260.1309900099,33.84
2015-07-14 16:00:00,561737.0157302829,33.76
2015-07-14 17:00:00,589178.9199085784,33.9
2015-07-14 18:00:00,556259.6572385187,33.77
2015-07-14 19:00:00,569849.9946356837,33.73
2015-07-14 20:00:00,577498.141134285,33.81
2015-07-14 21:00:00,573057.1940042234,33.84
2015-07-14 22:00:00,576093.8034735202,33.87
2015-07-14 23:00:00,560167.5699040757,33.75
2015-07-15 00:00:00,583502.2718479885,33.85
2015-07-15 01:00:00,566821.4745974939,33.84
2015-07-15 02:00:00,571318.108107105,33.81
2015-07-15 03:00:00,577960.9358976441,33.88
2015-07-15 04:00:00,575014.3213939735,33.9
2015-07-15 05:00:00,566037.3801624153,33.84
2015-07-15 06:00:00,569681.4277245862,33.8
2015-07-15 07:00:00,574299.4182642068,33.84
2015-07-15 08:00:00,568196.8244929668,33.8
2015-07-15 09:00:00,574685.4498836802,33.83
2015-07-15 10:00:00,580057.0834362892,33.91
2015-07-15 11:00:00,578084.4982304472,33.96
2015-07-15 12:00:00,560794.8381972896,33.84
2015-07-15 13:00:00,582322.4134992467,33.91
2015-07-15 14:00:00,561993.4613743088,33.83
2015-07-15 15:00:00,572485.5723725723,33.81
2015-07-15 16:00:00,576510.1924796931,33.87
2015-07-15 17:00:00,563009.5964556593,33.79
2015-07-15 18:00:00,575656.9831067652,33.81
2015-07-15 19:00:00,575507.6086733182,33.86
2015-07-15 20:00:00,558144.7568428009,33.73
2015-07-15 21:00:00,572740.312391302,33.74
2015-07-15 22:00:00,560869.0152208828,33.66
2015-07-15 23:00:00,567222.5788110992,33.64
2015-07-16 00:00:00,581164.953130755,33.76
2015-07-16 01:00:00,560280.6121094248,33.68
2015-07-16 02:00:00,577668.1113080748,33.74
2015-07-16 03:00:00,559878.2980461383,33.65
2015-07-16 04:00:00,567883.1534163662,33.63
2015-07-16 05:00:00,560595.9627800442,33.56
2015-07-16 06:00:00,567466.6130695009,33.55
2015-07-16 07:00:00,562777.8232062754,33.52
2015-07-16 08:00:00,561746.6933886188,33.47
2015-07-16 09:00:00,565038.1575126346,33.46
2015-07-16 10:00:00,556205.7138183175,33.38
2015-07-16 11:00:00,557346.1579861594,33.3
2015-07-16 12:00:00,554550.9189344601,33.23
2015-07-16 13:00:00,556387.5900248068,33.18
2015-07-16 14:00:00,558068.1584723822,33.15
2015-07-16 15:00:00,557151.0322534869,33.13
2015-07-16 16:00:00,558275.3360994913,33.11
2015-07-16 17:00:00,555718.6832819247,33.08
2015-07-16 18:00:00,547823.565549131,32.97
2015-07-16 19:00:00,553414.001361902,32.93
2015-07-16 20:00:00,549658.4795363651,32.87
2015-07-16 21:00:00,549071.7477078998,32.8
2015-07-16 22:00:00,541748.170091723,32.69
2015-07-16 23:00:00,551304.2105759763,32.67
2015-07-17 00:00:00,545012.4948324976,32.61
2015-07-17 01:00:00,535327.890121648,32.45
2015-07-17 02:00:00,545832.3082247064,32.42
2015-07-17 03:00:00,531807.1726215606,32.28
2015-07-17 04:00:00,546773.5824021443,32.28
2015-07-17 05:00:00,531891.7421870328,32.16
2015-07-17 06:00:00,539914.7201375444,32.11
2015-07-17 07:00:00,523357.69270005246,31.94
2015-07-17 08:00:00,545687.0300368975,31.98
2015-07-17 09:00:00,515403.830122152,31.75
2015-07-17 10:00:00,540160.103460948,31.75
2015-07-17 11:00:00,523994.13379971636,31.65
2015-07-17 12:00:00,532419.9363190513,31.61
2015-07-17 13:00:00,524589.452895991,31.53
2015-07-17 14:00:00,523884.56365117757,31.44
2015-07-17 15:00:00,520778.95043576794,31.34
2015-07-17 16:00:00,517921.9570948909,31.22
2015-07-17 17:00:00,516957.2078234479,31.11
2015-07-17 18:00:00,511454.5335548599,30.97
2015-07-17 19:00:00,522594.0909262509,30.95
2015-07-17 20:00:00,512237.8803463614,30.85
2015-07-17 21:00:00,510462.08202297846,30.74
2015-07-17 22:00:00,518065.36027366534,30.72
2015-07-17 23:00:00,504934.9474252712,30.59
2015-07-18 00:00:00,511758.16460935987,30.52
2015-07-18 01:00:00,504618.9309145428,30.41
2015-07-18 02:00:00,509409.0186909168,30.35
2015-07-18 03:00:00,503099.371057609,30.25
2015-07-18 04:00:00,505325.8730422293,30.19
2015-07-18 05:00:00,495157.0622885224,30.04
2015-07-18 06:00:00,507500.63449610607,30.02
2015-07-18 07:00:00,500226.13147442404,29.95
2015-07-18 08:00:00,500589.9183342283,29.89
2015-07-18 09:00:00,494796.43197151116,29.78
2015-07-18 10:00:00,504376.8332173305,29.78
2015-07-18 11:00:00,488147.0548414459,29.63
2015-07-18 12:00:00,507387.5709803144,29.67
2015-07-18 13:00:00,495233.73305818037,29.62
2015-07-18 14:00:00,493444.39046125155,29.53
2015-07-18 15:00:00,499185.9641638183,29.52
2015-07-18 16:00:00,493550.7987965848,29.46
2015-07-18 17:00:00,485003.66304050107,29.32
2015-07-18 18:00:00,498196.9640615542,29.33
2015-07-18 19:00:00,493092.14578532486,29.3
2015-07-18 20:00:00,493705.12218501355,29.28
2015-07-18 21:00:00,488684.8135769301,29.2
2015-07-18 22:00:00,490506.9943549411,29.15
2015-07-18 23:00:00,489698.8311623254,29.11
2015-07-19 00:00:00,492961.5154706654,29.1
2015-07-19 01:00:00,489833.36075310386,29.08
2015-07-19 02:00:00,482377.30438330094,28.97
2015-07-19 03:00:00,492126.15950285166,28.97
2015-07-19 04:00:00,490916.71955057903,28.98
2015-07-19 05:00:00,490088.3878927351,28.96
2015-07-19 06:00:00,486387.5767099928,28.91
2015-07-19 07:00:00,485925.6442494861,28.86
2015-07-19 08:00:00,486497.29367611255,28.84
2015-07-19 09:00:00,496565.6159155418,28.9
2015-07-19 10:00:00,478994.0934418947,28.89
2015-07-19 11:00:00,491033.066871129,28.88
2015-07-19 12:00:00,492815.56506264117,28.92
2015-07-19 13:00:00,494707.5564118605,28.96
2015-07-19 14:00:00,491105.9810026191,28.96
2015-07-19 15:00:00,496078.57475966425,29.0
2015-07-19 16:00:00,492185.37622976105,29.01
2015-07-19 17:00:00,493163.3444484901,29.02
2015-07-19 18:00:00,496935.6542271685,29.07
2015-07-19 19:00:00,497351.4916764505,29.12
2015-07-19 20:00:00,493512.12318711064,29.12
2015-07-19 21:00:00,497776.38958856656,29.15
2015-07-19 22:00:00,505683.5052374109,29.28
2015-07-19 23:00:00,494942.31804719544,29.28
2015-07-20 00:00:00,510240.7193267601,29.4
2015-07-20 01:00:00,498361.80192522827,29.43
2015-07-20 02:00:00,504220.35363644984,29.48
2015-07-20 03:00:00,505821.882587743,29.55
2015-07-20 04:00:00,507770.5293470838,29.64
2015-07-20 05:00:00,505879.92435394065,29.69
2015-07-20 06:00:00,507148.7957502148,29.74
2015-07-20 07:00:00,514606.33435420314,29.85
2015-07-20 08:00:00,509985.63340390555,29.91
2015-07-20 09:00:00,511550.36729866907,29.96
2015-07-20 10:00:00,513007.08203141176,30.03
2015-07-20 11:00:00,515357.65627717314,30.1
2015-07-20 12:00:00,523698.9441146698,30.25
2015-07-20 13:00:00,517773.8567484038,30.33
2015-07-20 14:00:00,523835.4819895999,30.44
2015-07-20 15:00:00,522051.8700770957,30.52
2015-07-20 16:00:00,524660.357295808,30.6
2015-07-20 17:00:00,522930.63810113055,30.66
2015-07-20 18:00:00,530549.7149909126,30.79
2015-07-20 19:00:00,524150.8280850168,30.84
2015-07-20 20:00:00,530909.4306908179,30.93
2015-07-20 21:00:00,526759.4938177372,30.98
2015-07-20 22:00:00,524600.9046228185,30.99
2015-07-20 23:00:00,532956.0520075703,31.08
2015-07-21 00:00:00,529081.6380861853,31.13
2015-07-21 01:00:00,537018.0444090728,31.24
2015-07-21 02:00:00,530953.4543598231,31.28
2015-07-21 03:00:00,537079.2758470891,31.35
2015-07-21 04:00:00,537115.135166909,31.44
2015-07-21 05:00:00,530913.4720540539,31.44
2015-07-21 06:00:00,539649.8759146852,31.51
2015-07-21 07:00:00,536582.8646390153,31.56
2015-07-21 08:00:00,538806.8953264023,31.61
2015-07-21 09:00:00,530969.3573513359,31.59
2015-07-21 10:00:00,547474.9828041841,31.71
2015-07-21 11:00:00,531078.2730484736,31.69
2015-07-21 12:00:00,541367.8912892771,31.73
2015-07-21 13:00:00,539783.2251015363,31.78
2015-07-21 14:00:00,541317.5562714875,31.82
2015-07-21 15:00:00,536010.1648154418,31.8
2015-07-21 16:00:00,551234.4866896856,31.94
2015-07-21 17:00:00,540601.2960914096,31.96
2015-07-21 18:00:00,541327.8889171488,31.96
2015-07-21 19:00:00,540052.7589832154,31.96
2015-07-21 20:00:00,545380.1443318925,32.01
2015-07-21 21:00:00,541804.4456521391,32.03
2015-07-21 22:00:00,550189.7544780966,32.11
2015-07-21 23:00:00,541717.1012177207,32.11
2015-07-22 00:00:00,549473.7366110369,32.17
2015-07-22 01:00:00,541201.5123943546,32.15
2015-07-22 02:00:00,544436.0915141335,32.15
2015-07-22 03:00:00,546023.9372600766,32.19
2015-07-22 04:00:00,547726.1111936815,32.23
2015-07-22 05:00:00,547249.6293413455,32.25
2015-07-22 06:00:00,545972.834554072,32.26
2015-07-22 07:00:00,546789.9154213405,32.28
2015-07-22 08:00:00,548205.3881577427,32.3
2015-07-22 09:00:00,547327.557256769,32.32
2015-07-22 10:00:00,546139.7587079515,32.32
2015-07-22 11:00:00,551313.9732429314,32.37
2015-07-22 12:00:00,540484.6106632225,32.31
2015-07-22 13:00:00,552469.9948157179,32.36
2015-07-22 14:00:00,549909.8791074826,32.4
2015-07-22 15:00:00,548749.9434538054,32.41
2015-07-22 16:00:00,544750.0147120114,32.39
2015-07-22 17:00:00,551105.5717847461,32.42
2015-07-22 18:00:00,543291.3130439792,32.39
2015-07-22 19:00:00,555332.5610296185,32.45
2015-07-22 20:00:00,539815.172021193,32.39
2015-07-22 21:00:00,547888.506890682,32.38
2015-07-22 22:00:00,546698.4895726297,32.39
2015-07-22 23:00:00,544828.9791187855,32.36
2015-07-23 00:00:00,546365.2923129145,32.35
2015-07-23 01:00:00,543600.8293903765,32.33
2015-07-23 02:00:00,547083.9537092395,32.34
2015-07-23 03:00:00,544196.7429049305,32.32
2015-07-23 04:00:00,544901.0514419905,32.3
2015-07-23 05:00:00,540807.5511826434,32.25
2015-07-23 06:00:00,542621.5757905946,32.24
2015-07-23 07:00:00,541958.8186302736,32.21
2015-07-23 08:00:00,544424.5312927346,32.21
2015-07-23 09:00:00,540973.2714039658,32.19
2015-07-23 10:00:00,536554.961336617,32.11
2015-07-23 11:00:00,539391.6060489361,32.08
2015-07-23 12:00:00,544599.838616986,32.1
2015-07-23 13:00:00,537681.4283197462,32.06
2015-07-23 14:00:00,534386.9727382902,31.99
2015-07-23 15:00:00,540504.6177078441,31.99
2015-07-23 16:00:00,532932.207977446,31.92
2015-07-23 17:00:00,536384.571549887,31.89
2015-07-23 18:00:00,535170.828901373,31.85
2015-07-23 19:00:00,534862.426960601,31.82
2015-07-23 20:00:00,532534.0208530269,31.77
2015-07-23 21:00:00,532618.6532163486,31.73
2015-07-23 22:00:00,529386.4808755333,31.66
2015-07-23 23:00:00,529612.9188223724,31.6
2015-07-24 00:00:00,531263.0129780337,31.59
2015-07-24 01:00:00,528162.8905963505,31.54
2015-07-24 02:00:00,527118.3001699385,31.48
2015-07-24 03:00:00,527482.0397602961,31.44
2015-07-24 04:00:00,520007.43307151395,31.33
2015-07-24 05:00:00,530084.5715005046,31.33
2015-07-24 06:00:00,518108.6460037912,31.23
2015-07-24 07:00:00,527458.9579738096,31.21
2015-07-24 08:00:00,512208.41700956627,31.07
2015-07-24 09:00:00,528255.5293208838,31.09
2015-07-24 10:00:00,520510.2698074659,31.05
2015-07-24 11:00:00,518592.3020798561,30.99
2015-07-24 12:00:00,517190.6391622014,30.92
2015-07-24 13:00:00,516308.32388455945,30.85
2015-07-24 14:00:00,513891.49553379486,30.78
2015-07-24 15:00:00,514658.5389783267,30.72
2015-07-24 16:00:00,512805.7106750655,30.65
2015-07-24 17:00:00,511396.452926407,30.59
2015-07-24 18:00:00,511283.63622675027,30.53
2015-07-24 19:00:00,510334.3878644641,30.47
2015-07-24 20:00:00,505309.8220776753,30.37
2015-07-24 21:00:00,507673.3905188748,30.3
2015-07-24 22:00:00,503909.89802076505,30.22
2015-07-24 23:00:00,505111.45325017185,30.15
2015-07-25 00:00:00,501602.5266076712,30.07
2015-07-25 01:00:00,500457.95035298285,29.99
2015-07-25 02:00:00,496529.52496751957,29.88
2015-07-25 03:00:00,498739.033258607,29.8
2015-07-25 04:00:00,495844.1738092751,29.72
2015-07-25 05:00:00,494072.29332324135,29.63
2015-07-25 06:00:00,490275.26058535435,29.51
2015-07-25 07:00:00,494483.22269315645,29.45
2015-07-25 08:00:00,489141.8590546557,29.36
2015-07-25 09:00:00,488929.9691464761,29.28
2015-07-25 10:00:00,488712.8054500482,29.2
2015-07-25 11:00:00,482372.66392787715,29.09
2015-07-25 12:00:00,482568.39850387856,28.98
2015-07-25 13:00:00,485552.8224244352,28.92
2015-07-25 14:00:00,479509.80798515107,28.81
2015-07-25 15:00:00,480846.611484313,28.73
2015-07-25 16:00:00,477371.66971141833,28.63
2015-07-25 17:00:00,476364.5718741196,28.53
2015-07-25 18:00:00,474659.4106338355,28.43
2015-07-25 19:00:00,471273.015237332,28.3
2015-07-25 20:00:00,473851.76903187355,28.23
2015-07-25 21:00:00,468649.9020301018,28.11
2015-07-25 22:00:00,469232.8881752985,28.01
2015-07-25 23:00:00,467232.7651692217,27.91
2015-07-26 00:00:00,462331.183681149,27.78
2015-07-26 01:00:00,467133.3262578583,27.7
2015-07-26 02:00:00,462514.67059309524,27.6
2015-07-26 03:00:00,461976.5088305799,27.5
2015-07-26 04:00:00,460145.05235746823,27.4
2015-07-26 05:00:00,459470.7799472997,27.31
2015-07-26 06:00:00,456662.5451962209,27.2
2015-07-26 07:00:00,458482.5168022665,27.14
2015-07-26 08:00:00,456511.0555708222,27.05
2015-07-26 09:00:00,453881.8850891995,26.95
2015-07-26 10:00:00,453749.9099524609,26.87
2015-07-26 11:00:00,450860.583493578,26.77
2015-07-26 12:00:00,453274.60379475425,26.7
2015-07-26 13:00:00,417761.0020486259,26.63
2015-07-26 14:00:00,454863.6223635981,26.56
2015-07-26 15:00:00,445534.56143611926,26.49
2015-07-26 16:00:00,446263.8407588592,26.38
2015-07-26 17:00:00,452046.1991547897,26.35
2015-07-26 18:00:00,445899.72822583315,26.28
2015-07-26 19:00:00,449161.2920675629,26.24
2015-07-26 20:00:00,446270.49504267605,26.18
2015-07-26 21:00:00,447403.60113818996,26.14
2015-07-26 22:00:00,449069.488819763,26.12
2015-07-26 23:00:00,449017.9902646119,26.1
2015-07-27 00:00:00,446986.05472757074,26.07
2015-07-27 01:00:00,448687.5187689065,26.05
2015-07-27 02:00:00,450198.3619885331,26.06
2015-07-27 03:00:00,449586.10449216585,26.06
2015-07-27 04:00:00,449179.29588937137,26.05
2015-07-27 05:00:00,444311.30388654926,26.04
2015-07-27 06:00:00,455066.24314777745,26.05
2015-07-27 07:00:00,453149.3646404726,26.1
2015-07-27 08:00:00,445208.1840976915,26.09
2015-07-27 09:00:00,454682.37256548763,26.13
2015-07-27 10:00:00,453438.1505505554,26.17
2015-07-27 11:00:00,451950.2213626724,26.18
2015-07-27 12:00:00,455982.0493097317,26.23
2015-07-27 13:00:00,452101.6964087754,26.24
2015-07-27 14:00:00,456975.88211500365,26.29
2015-07-27 15:00:00,455559.04605813004,26.32
2015-07-27 16:00:00,452865.6660828013,26.31
2015-07-27 17:00:00,457704.53500485217,26.35
2015-07-27 18:00:00,454181.6563762023,26.36
2015-07-27 19:00:00,458518.5196452243,26.4
2015-07-27 20:00:00,454328.9219029535,26.4
2015-07-27 21:00:00,461160.32639647415,26.47
2015-07-27 22:00:00,458243.2053253779,26.5
2015-07-27 23:00:00,457191.394659376,26.51
2015-07-28 00:00:00,456992.0103359144,26.52
2015-07-28 01:00:00,456262.72986021213,26.52
2015-07-28 02:00:00,456319.3753320006,26.52
2015-07-28 03:00:00,457511.4589974288,26.54
2015-07-28 04:00:00,461650.6325896172,26.55
2015-07-28 05:00:00,451006.74897676276,26.54
2015-07-28 06:00:00,456728.213304358,26.53
2015-07-28 07:00:00,456262.7370476517,26.54
2015-07-28 08:00:00,455010.5781830889,26.52
2015-07-28 09:00:00,457016.6133935388,26.53
2015-07-28 10:00:00,455388.62181117025,26.52
2015-07-28 11:00:00,452897.2543320431,26.49
2015-07-28 12:00:00,458861.5973604804,26.51
2015-07-28 13:00:00,455601.5245213866,26.51
2015-07-28 14:00:00,457231.98003565724,26.52
2015-07-28 15:00:00,452565.761362744,26.49
2015-07-28 16:00:00,459100.3384596576,26.51
2015-07-28 17:00:00,454907.69931202923,26.5
2015-07-28 18:00:00,458616.32264148514,26.53
2015-07-28 19:00:00,455209.0428846546,26.52
2015-07-28 20:00:00,457248.3654964683,26.53
2015-07-28 21:00:00,456022.6316513643,26.53
2015-07-28 22:00:00,455731.94792807836,26.52
2015-07-28 23:00:00,459784.57269612385,26.55
2015-07-29 00:00:00,450996.54036057234,26.54
2015-07-29 01:00:00,457182.53244784754,26.54
2015-07-29 02:00:00,458625.4766682921,26.56
2015-07-29 03:00:00,456173.8974544972,26.55
2015-07-29 04:00:00,459791.1941357003,26.59
2015-07-29 05:00:00,455943.2919509211,26.58
2015-07-29 06:00:00,458021.50312743377,26.59
2015-07-29 07:00:00,462289.72319989535,26.6
2015-07-29 08:00:00,457865.31254902855,26.61
2015-07-29 09:00:00,457522.65237951133,26.6
2015-07-29 10:00:00,459008.78317736427,26.62
2015-07-29 11:00:00,457532.08523518295,26.62
2015-07-29 12:00:00,466441.2859521233,26.67
2015-07-29 13:00:00,455817.3903571753,26.65
2015-07-29 14:00:00,457417.28524719895,26.63
2015-07-29 15:00:00,457519.98187169834,26.63
2015-07-29 16:00:00,460051.22972474183,26.66
2015-07-29 17:00:00,456031.666754912,26.64
2015-07-29 18:00:00,457476.96288057574,26.63
2015-07-29 19:00:00,456254.17457577086,26.61
2015-07-29 20:00:00,459748.6683237438,26.64
2015-07-29 21:00:00,452645.049243803,26.59
2015-07-29 22:00:00,463370.22451565677,26.6
2015-07-29 23:00:00,456539.1864545489,26.6
2015-07-30 00:00:00,452789.8480763581,26.59
2015-07-30 01:00:00,457367.9709744778,26.59
2015-07-30 02:00:00,462017.6857298832,26.6
2015-07-30 03:00:00,457192.2641293358,26.6
2015-07-30 04:00:00,458208.9209413349,26.6
2015-07-30 05:00:00,454517.1644628728,26.58
2015-07-30 06:00:00,457361.79520701105,26.58
2015-07-30 07:00:00,457298.4460921372,26.59
2015-07-30 08:00:00,456972.916323523,26.59
2015-07-30 09:00:00,462568.5407336937,26.6
2015-07-30 10:00:00,453611.85667516454,26.57
2015-07-30 11:00:00,462054.4723575183,26.61
2015-07-30 12:00:00,457414.7777225612,26.62
2015-07-30 13:00:00,456900.0544699682,26.6
2015-07-30 14:00:00,459029.1180910306,26.62
2015-07-30 15:00:00,457463.08315721765,26.62
2015-07-30 16:00:00,454336.5667032311,26.59
2015-07-30 17:00:00,462908.7424271483,26.6
2015-07-30 18:00:00,453741.0274630494,26.58
2015-07-30 19:00:00,455995.75648686616,26.55
2015-07-30 20:00:00,451142.5849293299,26.54
2015-07-30 21:00:00,455461.4967502673,26.52
2015-07-30 22:00:00,451702.9771651194,26.48
2015-07-30 23:00:00,455919.63926440896,26.48
2015-07-31 00:00:00,454428.9432843812,26.47
2015-07-31 01:00:00,450980.12533852825,26.42
2015-07-31 02:00:00,455807.2491763128,26.43
2015-07-31 03:00:00,450223.9023608774,26.39
2015-07-31 04:00:00,460255.6032232524,26.4
2015-07-31 05:00:00,450268.143914246,26.37
2015-07-31 06:00:00,453841.53461457195,26.35
2015-07-31 07:00:00,449628.6950294466,26.31
2015-07-31 08:00:00,450725.37369810167,26.29
2015-07-31 09:00:00,451871.64599496685,26.28
2015-07-31 10:00:00,450592.47087005235,26.25
2015-07-31 11:00:00,448081.56860125205,26.2
2015-07-31 12:00:00,452815.5232142125,26.21
2015-07-31 13:00:00,447365.3000390702,26.17
2015-07-31 14:00:00,450481.5113739317,26.15
2015-07-31 15:00:00,442756.11664616555,26.07
2015-07-31 16:00:00,449276.65289954824,26.05
2015-07-31 17:00:00,445589.5576825887,26.02
2015-07-31 18:00:00,448143.4358545803,26.0
2015-07-31 19:00:00,445288.00382166944,25.97
2015-07-31 20:00:00,439888.7485707096,25.88
2015-07-31 21:00:00,450514.71536945365,25.9
2015-07-31 22:00:00,441893.4857733293,25.85
2015-07-31 23:00:00,443715.80110563687,25.81
2015-08-01 00:00:00,445968.4658050897,25.81
2015-08-01 01:00:00,442473.34915338206,25.78
2015-08-01 02:00:00,444549.43392028357,25.76
2015-08-01 03:00:00,440618.08249736764,25.71
2015-08-01 04:00:00,439883.77557788865,25.65
2015-08-01 05:00:00,444097.7101412704,25.65
2015-08-01 06:00:00,440139.89939000004,25.62
2015-08-01 07:00:00,442460.33538332,25.6
2015-08-01 08:00:00,438468.5030975937,25.55
2015-08-01 09:00:00,438985.1713077664,25.51
2015-08-01 10:00:00,438383.1994558197,25.48
2015-08-01 11:00:00,436023.5792531521,25.42
2015-08-01 12:00:00,437259.2270054952,25.39
2015-08-01 13:00:00,437740.668028892,25.36
2015-08-01 14:00:00,435712.93945656857,25.32
2015-08-01 15:00:00,440509.82529661,25.34
2015-08-01 16:00:00,436057.5978466043,25.3
2015-08-01 17:00:00,435510.59693905566,25.26
2015-08-01 18:00:00,433811.7866162443,25.21
2015-08-01 19:00:00,437805.571170065,25.21
2015-08-01 20:00:00,433946.7139094173,25.18
2015-08-01 21:00:00,436675.27285609895,25.17
2015-08-01 22:00:00,432767.69390134834,25.13
2015-08-01 23:00:00,434693.44038059213,25.1
2015-08-02 00:00:00,432995.23201114376,25.09
2015-08-02 01:00:00,433112.5095984171,25.05
2015-08-02 02:00:00,432669.50180666096,25.03
2015-08-02 03:00:00,430300.74758243875,24.98
2015-08-02 04:00:00,436972.3638211316,25.0
2015-08-02 05:00:00,431278.0332154737,24.98
2015-08-02 06:00:00,432695.44108398433,24.95
2015-08-02 07:00:00,434435.2226118734,24.96
2015-08-02 08:00:00,430544.81515235256,24.93
2015-08-02 09:00:00,432404.2765821123,24.91
2015-08-02 10:00:00,429222.33965270617,24.87
2015-08-02 11:00:00,432223.6658519739,24.86
2015-08-02 12:00:00,428959.74658708647,24.83
2015-08-02 13:00:00,428287.7374706191,24.79
2015-08-02 14:00:00,429887.099093678,24.77
2015-08-02 15:00:00,426479.8931191511,24.72
2015-08-02 16:00:00,425637.23622187664,24.66
2015-08-02 17:00:00,426443.49058559735,24.63
2015-08-02 18:00:00,423782.43312523986,24.57
2015-08-02 19:00:00,419570.76779334503,24.47
2015-08-02 20:00:00,422089.7962780538,24.41
2015-08-02 21:00:00,418306.2240011958,24.33
2015-08-02 22:00:00,421159.8797515998,24.29
2015-08-02 23:00:00,421003.3017112044,24.25
2015-08-03 00:00:00,421214.82249078836,24.23
2015-08-03 01:00:00,421150.00121263484,24.2
2015-08-03 02:00:00,416825.37222477543,24.14
2015-08-03 03:00:00,420124.09206919785,24.11
2015-08-03 04:00:00,418094.63178384467,24.08
2015-08-03 05:00:00,416711.9574366571,24.03
2015-08-03 06:00:00,415301.51057475473,23.97
2015-08-03 07:00:00,418220.9616486056,23.95
2015-08-03 08:00:00,411697.01312571426,23.87
2015-08-03 09:00:00,413589.7880655051,23.81
2015-08-03 10:00:00,412634.8337173096,23.76
2015-08-03 11:00:00,417644.62218092376,23.78
2015-08-03 12:00:00,414026.2883896496,23.75
2015-08-03 13:00:00,414196.49306590285,23.73
2015-08-03 14:00:00,414379.64676758583,23.71
2015-08-03 15:00:00,411360.61751959263,23.66
2015-08-03 16:00:00,410934.38981803664,23.61
2015-08-03 17:00:00,411664.8246314208,23.59
2015-08-03 18:00:00,411517.19506072754,23.56
2015-08-03 19:00:00,410363.7816246974,23.53
2015-08-03 20:00:00,407370.8134584961,23.46
2015-08-03 21:00:00,409727.4231396435,23.44
2015-08-03 22:00:00,406759.9171391231,23.39
2015-08-03 23:00:00,408960.10127067484,23.36
2015-08-04 00:00:00,407747.6350925259,23.34
2015-08-04 01:00:00,405068.292652908,23.28
2015-08-04 02:00:00,405655.07662954385,23.24
2015-08-04 03:00:00,406413.49949506874,23.21
2015-08-04 04:00:00,405167.5820997418,23.18
2015-08-04 05:00:00,405873.08517999155,23.15
2015-08-04 06:00:00,403875.2108440354,23.11
2015-08-04 07:00:00,403414.3063443636,23.07
2015-08-04 08:00:00,403109.1472201196,23.04
2015-08-04 09:00:00,403596.9492878677,23.01
2015-08-04 10:00:00,398724.93153058144,22.94
2015-08-04 11:00:00,404392.40332718875,22.94
2015-08-04 12:00:00,399194.6072600357,22.89
2015-08-04 13:00:00,401312.795908878,22.85
2015-08-04 14:00:00,396970.99426390673,22.79
2015-08-04 15:00:00,397401.6265319701,22.73
2015-08-04 16:00:00,397384.87484041473,22.69
2015-08-04 17:00:00,391413.67096084426,22.58
2015-08-04 18:00:00,394663.4442379005,22.52
2015-08-04 19:00:00,394227.9430525833,22.48
2015-08-04 20:00:00,392724.32901207026,22.42
2015-08-04 21:00:00,392106.95240092196,22.36
2015-08-04 22:00:00,392462.5240875017,22.32
2015-08-04 23:00:00,392219.5336689585,22.29
2015-08-05 00:00:00,389855.83748014533,22.23
2015-08-05 01:00:00,390491.519650854,22.19
2015-08-05 02:00:00,390665.9828176814,22.15
2015-08-05 03:00:00,390095.07382389385,22.12
2015-08-05 04:00:00,391817.517106481,22.11
2015-08-05 05:00:00,388113.3398268006,22.06
2015-08-05 06:00:00,392582.1282373163,22.07
2015-08-05 07:00:00,384239.3399608187,21.99
2015-08-05 08:00:00,389277.4938003905,21.96
2015-08-05 09:00:00,385081.08001997217,21.9
2015-08-05 10:00:00,386959.38520591374,21.87
2015-08-05 11:00:00,384536.44254883204,21.82
2015-08-05 12:00:00,388295.1621364326,21.82
2015-08-05 13:00:00,383658.26327713794,21.77
2015-08-05 14:00:00,382594.55853371153,21.7
2015-08-05 15:00:00,380890.27355896187,21.64
2015-08-05 16:00:00,381333.04057335726,21.59
2015-08-05 17:00:00,378712.3351661863,21.51
2015-08-05 18:00:00,380006.5266329283,21.46
2015-08-05 19:00:00,379495.3641260684,21.42
2015-08-05 20:00:00,377843.0420917061,21.36
2015-08-05 21:00:00,385826.21962414164,21.41
2015-08-05 22:00:00,383215.92447568546,21.44
2015-08-05 23:00:00,386050.33189225243,21.48
2015-08-06 00:00:00,390123.0704862521,21.57
2015-08-06 01:00:00,382958.7641706918,21.55
2015-08-06 02:00:00,383131.8486492234,21.54
2015-08-06 03:00:00,386650.88078331266,21.57
2015-08-06 04:00:00,387543.15124923305,21.61
2015-08-06 05:00:00,385673.4957103697,21.62
2015-08-06 06:00:00,384821.27295431483,21.61
2015-08-06 07:00:00,384717.16801647836,21.6
2015-08-06 08:00:00,385210.79397526826,21.6
2015-08-06 09:00:00,382780.12859719666,21.58
2015-08-06 10:00:00,384165.09632247925,21.57
2015-08-06 11:00:00,380914.2825988696,21.53
2015-08-06 12:00:00,382962.8022450518,21.51
2015-08-06 13:00:00,375583.6952527857,21.41
2015-08-06 14:00:00,375557.3024671647,21.32
2015-08-06 15:00:00,378052.7708003443,21.29
2015-08-06 16:00:00,374886.6631114434,21.22
2015-08-06 17:00:00,372397.24803404923,21.13
2015-08-06 18:00:00,373803.10244409495,21.07
2015-08-06 19:00:00,372181.93253809086,21.0
2015-08-06 20:00:00,369470.6215114975,20.91
2015-08-06 21:00:00,369284.34511813126,20.84
2015-08-06 22:00:00,364572.80198971805,20.72
2015-08-06 23:00:00,364748.74843460805,20.62
2015-08-07 00:00:00,366044.8763972213,20.55
2015-08-07 01:00:00,363909.76238009176,20.48
2015-08-07 02:00:00,363776.6159745738,20.4
2015-08-07 03:00:00,361052.18426128454,20.31
2015-08-07 04:00:00,362996.4634237332,20.25
2015-08-07 05:00:00,359273.2348417089,20.18
2015-08-07 06:00:00,360727.8126895354,20.12
2015-08-07 07:00:00,359236.3550258394,20.05
2015-08-07 08:00:00,357242.05052185373,19.99
2015-08-07 09:00:00,361321.4877990948,19.95
2015-08-07 10:00:00,354509.43462701386,19.85
2015-08-07 11:00:00,361594.45845620753,19.84
2015-08-07 12:00:00,355138.20128046995,19.76
2015-08-07 13:00:00,352543.62506475084,19.65
2015-08-07 14:00:00,352021.83455932053,19.56
2015-08-07 15:00:00,351160.27031526354,19.48
2015-08-07 16:00:00,349051.8834313866,19.38
2015-08-07 17:00:00,347989.12605092954,19.28
2015-08-07 18:00:00,346227.33149398485,19.17
2015-08-07 19:00:00,344939.8666356232,19.06
2015-08-07 20:00:00,344065.27478344704,18.96
2015-08-07 21:00:00,342961.1266063089,18.86
2015-08-07 22:00:00,343266.90860632877,18.78
2015-08-07 23:00:00,340351.3461703219,18.66
2015-08-08 00:00:00,341964.5615295653,18.59
2015-08-08 01:00:00,341296.68863470503,18.51
2015-08-08 02:00:00,342471.97449212207,18.46
2015-08-08 03:00:00,342664.76856988843,18.43
2015-08-08 04:00:00,339656.21283108176,18.35
2015-08-08 05:00:00,342177.848844733,18.33
2015-08-08 06:00:00,340275.5604976929,18.29
2015-08-08 07:00:00,343512.3523729437,18.29
2015-08-08 08:00:00,345935.7844881453,18.32
2015-08-08 09:00:00,342654.2774720571,18.3
2015-08-08 10:00:00,344781.31664372905,18.31
2015-08-08 11:00:00,343200.8601196801,18.3
2015-08-08 12:00:00,341132.91241545475,18.27
2015-08-08 13:00:00,343528.6996766985,18.27
2015-08-08 14:00:00,339699.8704127615,18.23
2015-08-08 15:00:00,330284.5466507427,18.05
2015-08-08 16:00:00,322572.94600600546,17.8
2015-08-08 17:00:00,320729.55592845613,17.58
2015-08-08 18:00:00,319887.01841219136,17.39
2015-08-08 19:00:00,322707.90989223984,17.26
2015-08-08 20:00:00,325916.62501953956,17.2
2015-08-08 21:00:00,323172.31617899187,17.12
2015-08-08 22:00:00,327666.89833003917,17.1
2015-08-08 23:00:00,324415.6995619865,17.05
2015-08-09 00:00:00,324987.12621847313,17.01
2015-08-09 01:00:00,323997.31224946224,16.97
2015-08-09 02:00:00,322500.8961686991,16.91
2015-08-09 03:00:00,322910.1320409529,16.87
2015-08-09 04:00:00,320597.7581908748,16.8
2015-08-09 05:00:00,321711.27747200837,16.76
2015-08-09 06:00:00,318181.56810726516,16.69
2015-08-09 07:00:00,320972.54063794884,16.65
2015-08-09 08:00:00,317254.295725401,16.59
2015-08-09 09:00:00,317164.99821623816,16.52
2015-08-09 10:00:00,317698.3683711793,16.48
2015-08-09 11:00:00,319076.94766706,16.46
2015-08-09 12:00:00,320495.6306594238,16.47
2015-08-09 13:00:00,317076.43380105234,16.43
2015-08-09 14:00:00,315675.8365424294,16.37
2015-08-09 15:00:00,318481.3064303745,16.36
2015-08-09 16:00:00,315611.7722901416,16.32
2015-08-09 17:00:00,318474.60121053655,16.32
2015-08-09 18:00:00,313983.7068697546,16.26
2015-08-09 19:00:00,315950.0165102407,16.24
2015-08-09 20:00:00,312767.1822349921,16.18
2015-08-09 21:00:00,323019.34105527186,16.27
2015-08-09 22:00:00,322827.4008964686,16.36
2015-08-09 23:00:00,322409.44926964666,16.41
2015-08-10 00:00:00,317285.7726587844,16.39
2015-08-10 01:00:00,314341.9263191672,16.31
2015-08-10 02:00:00,314479.41689972143,16.25
2015-08-10 03:00:00,312549.2690398159,16.19
2015-08-10 04:00:00,314932.99233466503,16.16
2015-08-10 05:00:00,309122.46757297224,16.06
2015-08-10 06:00:00,315514.18316107953,16.06
2015-08-10 07:00:00,308970.6026289552,15.99
2015-08-10 08:00:00,313285.6212941545,15.97
2015-08-10 09:00:00,309835.4098174334,15.92
2015-08-10 10:00:00,313845.64113725565,15.93
2015-08-10 11:00:00,314618.7341156245,15.95
2015-08-10 12:00:00,311137.68473082816,15.92
2015-08-10 13:00:00,309409.3636625962,15.86
2015-08-10 14:00:00,310067.8923618686,15.83
2015-08-10 15:00:00,307261.85916768515,15.76
2015-08-10 16:00:00,305928.21495571855,15.69
2015-08-10 17:00:00,305506.2370952281,15.62
2015-08-10 18:00:00,303323.7758182703,15.54
2015-08-10 19:00:00,301219.65358294133,15.44
2015-08-10 20:00:00,302384.7226530967,15.37
2015-08-10 21:00:00,300022.79569012247,15.29
2015-08-10 22:00:00,301010.5327594757,15.23
2015-08-10 23:00:00,299605.62757107953,15.16
2015-08-11 00:00:00,298212.509197346,15.09
2015-08-11 01:00:00,300323.7427935436,15.05
2015-08-11 02:00:00,295233.8542097981,14.95
2015-08-11 03:00:00,298918.767360727,14.92
2015-08-11 04:00:00,299889.90859817376,14.92
2015-08-11 05:00:00,297758.28363172914,14.89
2015-08-11 06:00:00,301391.1640758596,14.9
2015-08-11 07:00:00,300366.83705892914,14.91
2015-08-11 08:00:00,298398.22146699636,14.89
2015-08-11 09:00:00,298351.41203530796,14.86
2015-08-11 10:00:00,299131.98589620704,14.85
2015-08-11 11:00:00,300482.57738367975,14.87
2015-08-11 12:00:00,300423.9838429136,14.89
2015-08-11 13:00:00,301545.5859592894,14.91
2015-08-11 14:00:00,300605.8986779041,14.92
2015-08-11 15:00:00,304121.09613747644,14.98
2015-08-11 16:00:00,302463.82677272893,15.0
2015-08-11 17:00:00,302615.58622301684,15.02
2015-08-11 18:00:00,302441.8839109246,15.04
2015-08-11 19:00:00,304379.6497773271,15.08
2015-08-11 20:00:00,303893.15402147535,15.1
2015-08-11 21:00:00,304250.9902419991,15.13
2015-08-11 22:00:00,305137.0894093679,15.16
2015-08-11 23:00:00,301385.00248914433,15.14
2015-08-12 00:00:00,305551.0368629452,15.17
2015-08-12 01:00:00,303961.7338021123,15.19
2015-08-12 02:00:00,303561.5123251969,15.19
2015-08-12 03:00:00,305040.112127586,15.2
2015-08-12 04:00:00,303906.5989539241,15.2
2015-08-12 05:00:00,302564.0088896841,15.19
2015-08-12 06:00:00,302572.6459242048,15.17
2015-08-12 07:00:00,302928.45229927375,15.16
2015-08-12 08:00:00,306254.4674730176,15.2
2015-08-12 09:00:00,303731.01478124794,15.2
2015-08-12 10:00:00,306210.6883012723,15.24
2015-08-12 11:00:00,305755.90435915376,15.26
2015-08-12 12:00:00,308548.83227310644,15.32
2015-08-12 13:00:00,306004.6689048268,15.34
2015-08-12 14:00:00,308926.9643990185,15.39
2015-08-12 15:00:00,310482.5659402895,15.45
2015-08-12 16:00:00,308043.635894425,15.47
2015-08-12 17:00:00,311323.0964824976,15.53
2015-08-12 18:00:00,312841.6409916453,15.6
2015-08-12 19:00:00,312367.4468247317,15.65
2015-08-12 20:00:00,311291.40677097824,15.68
2015-08-12 21:00:00,312811.39415739046,15.72
2015-08-12 22:00:00,314146.40550614905,15.78
2015-08-12 23:00:00,311440.1888117673,15.79
2015-08-13 00:00:00,318156.5806170328,15.89
2015-08-13 01:00:00,314604.14987706917,15.93
2015-08-13 02:00:00,316292.83458028175,15.97
2015-08-13 03:00:00,319808.7472915796,16.06
2015-08-13 04:00:00,317523.336133501,16.1
2015-08-13 05:00:00,319249.4456727689,16.15
2015-08-13 06:00:00,319493.99516147,16.2
2015-08-13 07:00:00,320780.2780244598,16.26
2015-08-13 08:00:00,320362.11087249935,16.3
2015-08-13 09:00:00,322645.6524172313,16.37
2015-08-13 10:00:00,321694.3729563595,16.41
2015-08-13 11:00:00,326932.19660453463,16.52
2015-08-13 12:00:00,331553.1723761304,16.69
2015-08-13 13:00:00,331631.167437996,16.82
2015-08-13 14:00:00,335526.297207884,16.98
2015-08-13 15:00:00,335615.7604677731,17.11
2015-08-13 16:00:00,335464.8063196334,17.21
2015-08-13 17:00:00,336333.5291774993,17.3
2015-08-13 18:00:00,338026.15754139546,17.4
2015-08-13 19:00:00,335692.0617875033,17.45
2015-08-13 20:00:00,336774.59104381356,17.5
2015-08-13 21:00:00,337572.98799830273,17.56
2015-08-13 22:00:00,334669.2245948882,17.57
2015-08-13 23:00:00,337657.0201440227,17.61
2015-08-14 00:00:00,331979.2142604661,17.58
2015-08-14 01:00:00,336993.43249111966,17.6
2015-08-14 02:00:00,332446.1233545001,17.59
2015-08-14 03:00:00,337343.5167436201,17.62
2015-08-14 04:00:00,335420.1824908096,17.64
2015-08-14 05:00:00,335078.0403134439,17.64
2015-08-14 06:00:00,337103.0472845448,17.66
2015-08-14 07:00:00,336358.2434653391,17.68
2015-08-14 08:00:00,335611.7282152678,17.68
2015-08-14 09:00:00,335097.80587526347,17.67
2015-08-14 10:00:00,336102.936926431,17.68
2015-08-14 11:00:00,337618.94028747233,17.7
2015-08-14 12:00:00,336039.4425388269,17.7
2015-08-14 13:00:00,334157.77331334224,17.68
2015-08-14 14:00:00,335206.16976814874,17.67
2015-08-14 15:00:00,336460.7641091309,17.69
2015-08-14 16:00:00,337385.627964462,17.7
2015-08-14 17:00:00,332465.2150376743,17.65
2015-08-14 18:00:00,336020.995831035,17.65
2015-08-14 19:00:00,329928.1079218397,17.59
2015-08-14 20:00:00,331148.71921624156,17.54
2015-08-14 21:00:00,328807.7428331143,17.47
2015-08-14 22:00:00,330020.12177893013,17.43
2015-08-14 23:00:00,328549.6430915029,17.38
2015-08-15 00:00:00,327129.14232153853,17.31
