Stage,Cross-sectional Area,Hydraulic Radius,Top Width,Wetted Perimeter
-40.77999999999997,0.24840000000007156,0.02737615863363246,9.068000000000211,9.07358856749553
-40.67999999999995,1.4336000000005147,0.09787671306690288,14.636000000000877,14.646997790174956
-40.57999999999993,2.97750909091006,0.1830205051031834,16.2421818181831,16.268718574628554
-40.479999999999905,4.682036363637853,0.2617060581724074,17.848363636365207,17.89043935908205
-40.37999999999988,6.5471818181838914,0.3355436696922048,19.454545454547315,19.51216014353554
-40.27999999999986,8.572945454548236,0.4056493686019786,21.06072727272965,21.13388092798925
-40.179999999999836,10.759327272730783,0.472821040229738,22.66690909091176,22.75560171244274
-40.079999999999814,13.106327272731576,0.5376442500771076,24.273090909093867,24.37732249689623
-39.97999999999979,15.613945454550658,0.6005584623089255,25.87927272727609,25.999043281349834
-39.87999999999977,18.282181818188008,0.661899930596877,27.48545454545831,27.620764065803435
-39.779999999999745,21.111036363643603,0.7219303171993621,29.091636363640532,29.242484850257036
-39.67999999999972,24.100509090917406,0.7808562895204882,30.69781818182264,30.864205634710522
-39.5799999999997,27.250600000009527,0.8388432470232349,32.30400000000486,32.48592641916413
-39.47999999999968,30.561309090919895,0.8960251320905629,33.910181818187084,34.10764720361773
-39.379999999999654,34.03263636364844,0.9525115690546428,35.51636363636919,35.72936798807122
-39.27999999999963,37.664581818195245,1.0083931434389977,37.1225454545513,37.35108877252471
-39.17999999999961,41.457145454560475,1.0637453631345193,38.728727272733636,38.97280955697842
-39.079999999999586,45.41032727274378,1.118631670099573,40.334909090915744,40.59453034143192
-38.97999999999956,49.52412727274543,1.1731057579003972,41.941090909097966,42.21625112588552
-38.87999999999954,53.79854545456535,1.2272133748476863,43.54727272728019,43.83797191033912
-38.77999999999952,58.233581818203405,1.2809937411845733,45.153454545462296,45.45969269479261
-38.679999999999495,62.82923636365983,1.3344806733841024,46.75963636364452,47.08141347924621
-38.57999999999947,67.5855090909344,1.3877034838250328,48.365818181826626,48.703134263699695
-38.47999999999945,72.50240000002734,1.4406877065150705,49.97200000000885,50.324855048153296
-38.37999999999943,77.57990909093853,1.4934556868759299,51.57818181819107,51.946575832606904
-38.279999999999404,82.81803636366784,1.5460270643978626,53.18436363637318,53.5682966170604
-38.17999999999938,88.21678181821555,1.5984191701993475,54.7905454545554,55.190017401514
-38.07999999999936,93.77614545458152,1.650647356495494,56.39672727273762,56.8117381859676
-37.979999999999336,99.49612727276558,1.7027252712034442,58.00290909091973,58.433458970421086
-37.87999999999931,105.37672727276806,1.7546650880553665,59.60909090910195,60.05517975487469
-37.77999999999929,111.41794545458879,1.8064777004081634,61.21527272728417,61.676900539328294
-37.67999999999927,117.61978181822762,1.8581728852605668,62.82145454546628,63.29862132378178
-37.579999999999245,123.98223636368486,1.909759442687183,64.4276363636485,64.92034210823539
-37.47999999999922,130.5053090909602,1.961245314883364,66.03381818183061,66.54206289268888
-37.3799999999992,137.18900000005414,2.012637688216504,67.64000000001295,68.16378367714259
-37.27999999999918,144.033309090966,2.0639430810481496,69.24618181819505,69.78550446159608
-37.179999999999154,151.03823636369606,2.115167419588985,70.85236363637716,71.40722524604956
-37.07999999999913,158.2037818182446,2.166316103646972,72.45854545455938,73.02894603050316
-36.97999999999911,165.52994545461135,2.2173940638055534,74.0647272727416,74.65066681495676
-36.879999999999086,173.0167272727962,2.2684058113074457,75.67090909092371,76.27238759941027
-36.77999999999906,180.6641272727995,2.3193554817070727,77.27709090910594,77.89410838386387
-36.67999999999904,188.47214545462106,2.370246873181277,78.88327272728816,79.51582916831747
-36.57999999999902,196.44078181826086,2.4210834802456573,80.48945454547038,81.13754995277107
-36.479999999998995,204.5700363637187,2.4718685235067506,82.09563636365249,82.75927073722457
-36.37999999999897,212.8599090909948,2.5226049759833606,83.7018181818346,84.38099152167804
-36.27999999999895,221.31040000008963,2.5732955864499027,85.30800000001693,86.00271230613177
-36.17999999999893,229.9215090910022,2.623942900187573,86.91418181819904,87.62443309058526
-36.079999999998904,238.69323636373332,2.6745492774730444,88.52036363638126,89.24615387503886
-35.97999999999888,247.6255818182824,2.725116910087372,90.12654545456337,90.86787465949234
-35.87999999999886,256.71854545465,2.775647836088149,91.73272727274309,92.48959544394346
-35.779999999998836,265.96102457013296,2.832679598624556,93.11685503687124,93.8902601971906
-35.67999999999881,275.3419164620285,2.88948728963685,94.50098280099928,95.29092495043763
-35.57999999999879,284.8612211303369,2.94608064675848,95.88511056512732,96.69158970368467
-35.47999999999877,294.51893857505837,3.0024688514460567,97.26923832925547,98.0922544569318
-35.379999999998745,304.31506879619246,3.05866056812874,98.65336609338351,99.49291921017884
-35.27999999999872,314.24961179373963,3.1146639800966476,100.03749385751166,100.89358396342597
-35.1799999999987,324.32256756769937,3.1704868224408576,101.4216216216397,102.29424871667301
-35.07999999999868,334.533936118072,3.2261364123237737,102.80574938576774,103.69491346992004
-34.979999999998654,344.8837174448577,3.281619676828914,104.18987714989589,105.09557822316718
-34.87999999999863,355.37191154805595,3.3369431786129806,105.57400491402393,106.49624297641421
-34.77999999999861,365.9985184276671,3.39211313955991,106.95813267815197,107.89690772966124
-34.679999999998586,376.7635380836913,3.4471354626161377,108.34226044228012,109.2975724829084
-34.57999999999856,387.66697051612806,3.5020157519681914,109.72638820640816,110.69823723615542
-34.47999999999854,398.708815724978,3.556759331707554,111.11051597053631,112.09890198940256
-34.37999999999852,409.88907371024044,3.611371263113526,112.49464373466435,113.49956674264959
-34.279999999998495,421.2077444719157,3.665856360671981,113.87877149879239,114.90023149589662
-34.17999999999847,432.66482801000427,3.7202192069365903,115.26289926292054,116.30089624914376
-34.07999999999845,444.2603243245051,3.7744641663289507,116.64702702704858,117.7015610023908
-33.97999999999843,455.9942334154189,3.8285953979649614,118.03115479117662,119.10222575563783
-33.879999999998404,467.866555282746,3.882616867586666,119.41528255530477,120.50289050888497
-33.77999999999838,479.8772899264854,3.936532358671527,120.79941031943281,121.90355526213202
-33.67999999999836,492.0264373466381,3.9903454827845306,122.18353808356096,123.30422001537914
-33.579999999998336,504.3139975432033,4.044059689232646,123.567665847689,124.70488476862619
-33.47999999999831,516.7399705161812,4.097678274075891,124.95179361181704,126.10554952187321
-33.37999999999829,529.3043562655724,4.15120438854448,126.33592137594519,127.50621427512034
-33.27999999999827,542.0071547913761,4.204641046907213,127.72004914007323,128.9068790283674
-33.179999999998245,554.8483660935926,4.257991133832409,129.10417690420127,130.3075437816144
-33.07999999999822,567.8279901722224,4.311257411279155,130.48830466832942,131.70820853486157
-32.9799999999982,580.9460270272644,4.364442524953472,131.87243243245746,133.10887328810858
-32.87999999999818,594.2024766587199,4.417549010361101,133.2565601965856,134.50953804135574
-32.779999999998154,607.5973390665877,4.470579298486018,134.64068796071365,135.91020279460275
-32.67999999999813,621.1306142508685,4.523535721121405,136.0248157248417,137.3108675478498
-32.57999999999811,634.8023022115624,4.576420515877628,137.40894348896984,138.71153230109695
-32.479999999998086,648.6124029486688,4.629235830889852,138.79307125309788,140.112197054344
-32.37999999999806,662.5609164621878,4.681983729246064,140.17719901722592,141.512861807591
-32.27999999999804,676.6478427521204,4.734666193154727,141.56132678135407,142.91352656083814
-32.17999999999802,690.8731818184652,4.78728512786961,142.9454545454854,144.31419131408845
-32.079999999997995,705.2453506496408,4.834341470972183,144.49792207795338,145.882402987933
-31.979999999997972,719.7727662340626,4.881449751057863,146.05038961042123,147.45061466177748
-31.87999999999795,734.4554285717312,4.928608328437527,147.60285714288898,149.01882633562184
-31.779999999997926,749.2933376626471,4.975815631724021,149.15532467538173,150.5870380094915
-31.679999999997904,764.3473778605534,4.983032818101855,151.92547928267993,153.3899947606024
-31.57999999999788,779.6784335191898,4.991764519288957,154.6956338899779,156.1929515117131
-31.479999999997858,795.2865046385564,5.001930636629512,157.46578849727644,158.99590826282432
-31.379999999997835,811.1715912186522,5.013456621891566,160.2359431045744,161.79886501393503
-31.279999999997813,827.3336932594787,5.026273004684129,163.0060977118726,164.60182176504588
-31.17999999999779,843.7728107610343,5.040314967350828,165.77625231917057,167.40477851615657
-31.079999999997767,860.4889437233196,5.055521961867033,168.54640692646853,170.20773526726728
-30.979999999997744,877.4820921463358,5.0718373639770435,171.31656153376684,173.01069201837828
-30.87999999999772,894.7522560300811,5.08920816041535,174.0867161410648,175.8136487694889
-30.7799999999977,912.2994353745562,5.107584665577699,176.8568707483629,178.61660552059973
-30.679999999997676,930.1236301797618,5.126920264457058,179.62702535566098,181.4195622717105
-30.579999999997654,948.2248404456966,5.14717117904696,182.39717996295917,184.22251902282142
-30.47999999999763,966.6030661723622,5.16829625575046,185.16733457025725,187.02547577393221
-30.379999999997608,985.2583073597568,5.19025677162338,187.93748917755545,189.8284325250431
-30.279999999997585,1004.1905640078811,5.213016257533645,190.7076437848533,192.63138927615364
-30.179999999997563,1023.3998361167363,5.236540336538203,193.4777983921516,195.4343460272647
-30.07999999999754,1042.8861236863204,5.26079657597159,196.24795299944958,198.23730277837535
-29.979999999997517,1062.6494267166345,5.285754351907695,199.01810760674778,201.04025952948626
-29.879999999997494,1082.6897452076792,5.3113847248039905,201.78826221404586,203.84321628059703
-29.77999999999747,1103.0070791594533,5.337660325266256,204.55841682134405,206.64617303170795
-29.67999999999745,1123.601428571957,5.364555248984856,207.32857142868454,209.44912978286095
-29.579999999997426,1144.5561938780952,5.350591878894164,211.76673469407342,213.91207174534995
-29.479999999997403,1166.115399053897,5.2623928456102576,219.41736882185216,221.59413659636567
-29.37999999999738,1188.4396676424758,5.18344102065195,227.06800294979678,229.27620144754715
-29.279999999997358,1211.8464996438502,4.980775774800266,241.06863707757702,243.30476906329847
-29.179999999997335,1236.6533950580022,4.8056478457759235,255.06927120535647,257.33333667904895
-29.079999999997312,1262.860353884933,4.653786452327501,269.0699053331366,271.3619042948002
-28.97999999999729,1290.4673761246415,4.521760546123309,283.0705394609163,285.3904719105509
-28.879999999997267,1319.4744617771291,4.406782093298453,297.0711735886963,299.41903952630196
-28.779999999997244,1349.8816108423966,4.296966076309291,311.7718077163032,314.14760714188003
-28.67999999999722,1381.442129772036,4.292249149601847,319.4385708763401,321.84574604672696
-28.5799999999972,1413.7693250176792,4.290079074674478,327.1053340363767,329.54388495157355
-28.479999999997176,1446.8631965793263,4.290281442491054,334.7720971964137,337.24202385642053
-28.379999999997153,1480.723744456977,4.292697413382347,342.4388603564503,344.9401627612671
-28.27999999999713,1515.350968650632,4.2971820176397095,350.10562351648707,352.63830166611393
-28.179999999997108,1550.7448691602904,4.303602673943,357.7723866765241,360.336440570961
-28.079999999997085,1586.905445985953,4.3118378937277715,365.4391498365609,368.03457947580773
-27.979999999997062,1623.8326991276192,4.321776144824621,373.10591299659745,375.7327183806543
-27.87999999999704,1661.5266285852888,4.33331485198679,380.77267615663413,383.430857285501
-27.779999999997017,1699.9872343589634,4.346359515446519,388.4394393166709,391.1289961903478
-27.679999999996994,1739.214516448641,4.360822931552825,396.1062024767077,398.8271350951946
-27.57999999999697,1779.2084748543227,4.376624501959356,403.77296563674463,406.5252740000415
-27.47999999999695,1819.9691095760086,4.393689619842664,411.4397287967812,414.22341290488816
-27.379999999996926,1861.496420613698,4.41194912331271,419.106491956818,421.92155180973486
-27.279999999996903,1903.7904079673908,4.431338807587793,426.7732551168548,429.6196907145817
-27.17999999999688,1946.8510716370884,4.451798988692769,434.4400182768916,437.3178296194285
-27.079999999996858,1990.678411622789,4.473274112441651,442.1067814369284,445.0159685242753
-26.979999999996835,2035.2724279244942,4.4957124033139175,449.77354459700985,452.71410742916675
-26.879999999996812,2080.7044666960533,4.505268045853018,458.86723083398863,461.83810719348594
-26.77999999999679,2127.0752278328073,4.510877633688358,468.5479919008749,471.5435444196668
-26.679999999996767,2174.4040650762504,4.520129410667507,478.0287529679042,481.04907349436854
-26.579999999996744,2222.8922284264286,4.404458760481838,501.63451403465956,504.6913478611499
-26.47999999999672,2273.528586930869,4.421661602446375,511.0926560539324,514.1796888466075
-26.3799999999967,2325.110759637238,4.440047181002968,520.5507980732051,523.6680298320649
-26.279999999996676,2377.6387465455346,4.459552350280257,530.0089400923347,533.156370817379
-26.179999999996653,2430.895368693995,4.515959469284564,535.1235028766342,538.2898994616324
-26.07999999999663,2484.6634471208863,4.5722420466508655,540.2380656609339,543.4234281058862
-25.979999999996608,2538.9429818262065,4.628403578851451,545.3526284452334,548.5569567501395
-25.879999999996585,2593.7339728099573,4.684447432688759,550.467191229533,553.690485394393
-25.779999999996562,2649.036420072138,4.740376851251312,555.5817540138324,558.8240140386465
-25.67999999999654,2704.850323612749,4.796194959544362,560.696316798132,563.9575426828999
-25.579999999996517,2761.17568343179,4.851904769815786,565.8108795824313,569.0910713271531
-25.479999999996494,2818.012499529261,4.907509186596294,570.925442366731,574.2245999714067
-25.37999999999647,2875.360771905162,4.963011011471706,576.0400051510305,579.3581286156601
-25.27999999999645,2933.2205005594933,5.018412947603697,581.1545679353301,584.4916572599136
-25.179999999996426,2991.5916854922543,5.073717604014431,586.2691307196297,589.6251859041672
-25.079999999996403,3050.4743267034464,5.1289274996492695,591.3836935039295,594.7587145484209
-24.97999999999638,3109.8684241930678,5.184045067230909,596.4982562882288,599.8922431926742
-24.879999999996357,3169.773977961119,5.239072656917276,601.6128190725285,605.0257718369278
-24.779999999996335,3230.1909880076,5.294012539774812,606.7273818568278,610.159300481181
-24.679999999996312,3291.119454332512,5.348866911077846,611.8419446411274,615.2928291254345
-24.57999999999629,3352.5593769358875,5.325526621016119,626.0565074258205,629.5263577700816
-24.479999999996267,3415.953255817699,5.293490698083224,641.8210702101222,645.312035223679
-24.379999999996244,3480.9235909779404,5.265369285398205,657.5856329944241,661.0977126772767
-24.27999999999622,3547.470382416613,5.240888510694164,673.3501957787257,676.883390130874
-24.1799999999962,3615.593630133716,5.219799467503708,689.1147585630279,692.6690675844718
-24.079999999996176,3685.29333412925,5.201875433738844,704.8793213473298,708.4547450380695
-23.979999999996153,3756.5694944032157,5.186909454016889,720.643884131632,724.2404224916675
-23.87999999999613,3829.42211095561,5.174712231416573,736.4084469161934,740.0260999455247
-23.779999999996107,3904.186818072176,5.120019532421337,758.8856954147825,762.5335788955135
-23.679999999996085,3981.1992500386013,5.071326155812489,781.3629439133717,785.0410578455023
-23.579999999996062,4060.4594068548863,5.028130473702017,803.8401924119613,807.5485367954916
-23.47999999999604,4141.967288521029,4.989985265995686,826.3174409105503,830.0560157454802
-23.379999999996016,4225.722895037033,4.956490538627199,848.7946894091397,852.563494695469
-23.279999999995994,4311.726226402896,4.927287450114678,871.2719379077287,875.0709736454577
-23.17999999999597,4399.977282618617,4.90205315189568,893.7491864062082,897.5784525953368
-23.079999999995948,4490.340349398474,4.894785200326853,913.5121491915303,917.3722984000664
-22.979999999995925,4583.943045790217,4.738747377627868,963.4417786423217,967.3322252693828
-22.879999999995903,4682.311735430051,4.6458494656893174,1003.9320141539022,1007.8483536778399
-22.77999999999588,4784.729448621044,4.563994231375729,1044.4222496654775,1048.3644820862926
-22.679999999995857,4891.190352029861,4.492424945388938,1084.7958185101886,1088.76395521092
-22.579999999995835,5001.441588513636,4.440108947088781,1122.4289111633382,1126.4231684659226
-22.479999999995812,5113.905327811102,4.522130389321151,1126.845874785509,1130.8619804257319
-22.37999999999579,5226.8107634707885,4.603899511501258,1131.2628384076802,1135.300792385542
-22.279999999995766,5340.157895492691,4.685419261674243,1135.6798020298513,1139.7396043453516
-22.179999999995744,5453.946723876809,4.766692542137762,1140.0967656520227,1144.1784163051616
-22.07999999999572,5568.1772486231475,4.847722210325961,1144.5137292741938,1148.6172282649716
-21.979999999995698,5682.849469731701,4.928511079672991,1148.930692896365,1153.0560402247813
-21.879999999995675,5797.9633872024715,5.009061920456684,1153.347656518536,1157.4948521845906
-21.779999999995653,5913.519001035459,5.08937746062287,1157.7646201407074,1161.933664144401
-21.67999999999563,6029.516311230665,5.169460386590907,1162.1815837628783,1166.3724761042106
-21.579999999995607,6145.955317788089,5.249313344040827,1166.5985473850494,1170.8112880640201
-21.479999999995584,6262.836020707729,5.3289389386827,1171.0155110072208,1175.2501000238306
-21.37999999999556,6380.158419989586,5.408339737008621,1175.4324746293917,1179.68891198364
-21.27999999999554,6497.92251563366,5.487518267027738,1179.8494382515632,1184.1277239434498
-21.179999999995516,6616.128307639952,5.566477018984873,1184.2664018737341,1188.5665359032594
-21.079999999995493,6734.775796008461,5.645218446063045,1188.6833654959055,1193.0053478630698
-20.97999999999547,6853.864980739188,5.723744965070423,1193.1003291180766,1197.4441598228793
-20.879999999995448,6973.395861832129,5.802058957111992,1197.5172927402477,1201.8829717826889
-20.779999999995425,7093.36843928729,5.88016276824645,1201.934256362419,1206.3217837424993
-20.679999999995403,7213.782713104668,5.958058710128628,1206.35121998459,1210.7605957023088
-20.57999999999538,7334.638683284264,6.0357490606362925,1210.7681836070685,1215.1994076624255
-20.479999999995357,7456.269826016583,6.0802695076346165,1221.854671038765,1226.305810401037
-20.379999999995334,7579.009617492071,6.124886708740397,1232.9411584704612,1237.4122131396482
-20.27999999999531,7702.8580577107305,6.169598081877396,1244.0276459021577,1248.5186158782594
-20.17999999999529,7827.81514667256,6.214401136034506,1255.1141333342396,1259.6250186172558
-20.079999999995266,7954.2891466726805,6.219670857664033,1274.3658666676256,1278.8922965065278
-19.979999999995243,8082.739320006141,6.221418391858434,1294.6376000009634,1299.1795135629357
-19.87999999999522,8213.216666672934,6.224648546324264,1314.9093333343014,1319.4667306193446
-19.779999999995198,8345.721186673061,6.229293969352715,1335.1810666676392,1339.7539476757531
-19.679999999995175,8480.252880006523,6.2352913278754185,1355.4528000007351,1360.0411647319197
-19.579999999995152,8616.561023668599,6.265137720891227,1370.710073239489,1375.318693304459
-19.47999999999513,8753.685894654549,6.35977410464987,1371.7873464789257,1376.4145943885649
-19.379999999995107,8890.918492964447,6.4543381137097375,1372.8646197183625,1377.5104954726712
-19.279999999995084,9028.258818598288,6.548829920670154,1373.9418929577996,1378.6063965567776
-19.17999999999506,9165.706871556067,6.643249697582055,1375.0191661972365,1379.7022976408837
-19.07999999999504,9303.262651837795,6.737597615950182,1376.096439436673,1380.7981987249896
-18.979999999995016,9440.926159443465,6.831873846735214,1377.17371267611,1381.894099809096
-18.879999999994993,9578.697394373079,6.926078560355963,1378.2509859155468,1382.9900008932018
-18.77999999999497,9716.576356626636,7.0202119266914815,1379.3282591549837,1384.0859019773081
-18.679999999994948,9854.563046204139,7.114274115083234,1380.4055323944206,1385.181803061414
-18.579999999994925,9992.657463105585,7.208265294337185,1381.4828056338574,1386.2777041455201
-18.479999999994902,10130.85960733097,7.302185632725942,1382.5600788732943,1387.3736052296265
-18.37999999999488,10269.169478880305,7.396035297990858,1383.6373521127312,1388.4695063137324
-18.279999999994857,10407.587077753582,7.489814457344104,1384.7146253521682,1389.5654073978387
-18.179999999994834,10546.112403950803,7.583523277470782,1385.7918985916049,1390.6613084819446
-18.07999999999481,10684.745457471967,7.677161924530978,1386.8691718310417,1391.757209566051
-17.97999999999479,10823.486238317073,7.770730564161842,1387.9464450704786,1392.8531106501573
-17.879999999994766,10962.334746486125,7.864229361479642,1389.0237183099157,1393.9490117342636
-17.779999999994743,11101.29098197912,7.957658481081802,1390.1009915493523,1395.0449128183693
-17.67999999999472,11240.354944796058,8.051018087048938,1391.1782647887892,1396.1408139024757
-17.579999999994698,11379.526634936941,8.144308342946903,1392.255538028226,1397.2367149865815
-17.479999999994675,11518.806052401767,8.237529411828776,1393.3328112676631,1398.332616070688
-17.379999999994652,11658.193197190536,8.330681456236896,1394.4100845070998,1399.4285171547938
-17.27999999999463,11797.68806930325,8.423764638204839,1395.4873577465366,1400.5244182389001
-17.179999999994607,11937.290668739908,8.516779119259425,1396.5646309859735,1401.6203193230062
-17.079999999994584,12077.000995500508,8.609725060422688,1397.6419042254106,1402.7162204071121
-16.97999999999456,12216.819049585052,8.70260262221384,1398.7191774648472,1403.8121214912185
-16.87999999999454,12356.744830993543,8.795411964651255,1399.796450704284,1404.9080225753244
-16.779999999994516,12496.778339725974,8.888153247254383,1400.873723943721,1406.0039236594307
-16.679999999994493,12636.91957578235,8.98082662904574,1401.950997183158,1407.099824743537
-16.57999999999447,12777.16853916267,9.0734322685528,1403.028270422595,1408.1957258276434
-16.479999999994448,12917.525229866933,9.165970323809946,1404.1055436620316,1409.2916269117493
-16.379999999994425,13057.989647895138,9.258440952360372,1405.1828169014684,1410.3875279958554
-16.279999999994402,13198.561793247289,9.350844311258,1406.2600901409055,1411.4834290799613
-16.17999999999438,13339.241665923382,9.44318055706936,1407.3373633803421,1412.5793301640676
-16.079999999994357,13480.02926592342,9.535449845875508,1408.414636619779,1413.6752312481735
-15.979999999994334,13620.924593247402,9.627652333273879,1409.4919098592159,1414.7711323322799
-15.879999999994311,13761.927647895327,9.719788174380172,1410.5691830986527,1415.8670334163862
-15.779999999994288,13903.038429867194,9.811857523830216,1411.6464563380896,1416.9629345004919
-15.679999999994266,14044.256939163011,9.903860535781812,1412.7237295775265,1418.0588355845982
-15.579999999994243,14185.58317578277,9.995797363916585,1413.8010028169633,1419.1547366687041
-15.47999999999422,14327.017139726468,10.08766816144182,1414.8782760564002,1420.2506377528105
-15.379999999994197,14468.558830994112,10.179473081092304,1415.955549295837,1421.3465388369168
-15.279999999994175,14610.208249585701,10.271212275132124,1417.0328225352741,1422.4424399210232
-15.179999999994152,14751.96539550123,10.362885895356492,1418.1100957747108,1423.538341005129
-15.07999999999413,14893.83026874071,10.454494093093544,1419.1873690141476,1424.6342420892354
-14.979999999994106,15035.802869304129,10.546037019206143,1420.2646422535845,1425.730143173341
-14.879999999994084,15177.88319719149,10.637514824093644,1421.3419154930216,1426.8260442574474
-14.779999999994061,15320.071252402797,10.72892765769371,1422.4191887324582,1427.9219453415533
-14.679999999994038,15462.367034938046,10.82027566948404,1423.496461971895,1429.0178464256596
-14.579999999994016,15604.770544797242,10.91155900848417,1424.573735211332,1430.113747509766
-14.479999999993993,15747.281781980377,11.002777823257196,1425.651008450769,1431.2096485938719
-14.37999999999397,15889.900746487458,11.093932261911537,1426.7282816902057,1432.305549677978
-14.279999999993947,16032.627438318481,11.185022472102673,1427.8055549296425,1433.4014507620839
-14.179999999993925,16175.46185747345,11.276048601034864,1428.8828281690794,1434.4973518461902
-14.079999999993902,16318.404003952362,11.367010795462885,1429.9601014085165,1435.5932529302966
-13.979999999993879,16461.453877755215,11.457909201693736,1431.0373746479534,1436.689154014403
-13.879999999993856,16604.611478882016,11.548743965588349,1432.11464788739,1437.7850550985088
-13.779999999993834,16747.876807332756,11.639515232563273,1433.1919211268269,1438.8809561826151
-13.679999999993811,16891.249863107445,11.730223147592397,1434.269194366264,1439.976857266721
-13.579999999993788,17034.730646206077,11.820867855208595,1435.3464676057008,1441.0727583508271
-13.479999999993765,17178.31915662865,11.91144949950543,1436.4237408451374,1442.168659434933
-13.379999999993743,17322.015394375172,12.001968224138809,1437.5010140845743,1443.2645605190394
-13.27999999999372,17465.819359445635,12.092424172328643,1438.5782873240112,1444.3604616031457
-13.179999999993697,17609.731051840045,12.182817486860516,1439.655560563448,1445.4563626872516
-13.079999999993674,17753.750471558393,12.273148310087295,1440.732833802885,1446.552263771358
-12.979999999993652,17897.877618600687,12.363416783930818,1441.8101070423218,1447.6481648554636
-12.879999999993629,18042.112492966924,12.453623049883468,1442.8873802817586,1448.74406593957
-12.779999999993606,18186.455094657103,12.543767249009845,1443.9646535211955,1449.8399670236763
-12.679999999993584,18330.90542367123,12.633849521948353,1445.0419267606326,1450.9358681077827
-12.57999999999356,18475.463480009294,12.723870008912852,1446.1192000000653,1452.031769191885
-12.479999999993538,18620.12615334267,12.814362028567746,1447.1342666667322,1453.0669659427306
-12.379999999993515,18764.890333342708,12.90479501012684,1448.1493333333992,1454.1021626935762
-12.279999999993493,18909.756020009412,12.995169079590703,1449.164400000066,1455.1373594444217
-12.17999999999347,19054.723213342786,13.085484362601607,1450.1794666667329,1456.1725561952678
-12.079999999993447,19199.791913342826,13.175740984444804,1451.1945333333997,1457.2077529461135
-11.979999999993424,19344.96212000953,13.265939070049766,1452.2096000000683,1458.242949696961
-11.879999999993402,19490.235142866717,13.35584617889669,1453.2508571429257,1459.3036548790787
-11.779999999993379,19635.612291438185,13.445693984626788,1454.292114285783,1460.364360061197
-11.679999999993356,19781.093565723935,13.535482616367027,1455.3333714286405,1461.4250652433147
-11.579999999993333,19926.67896572398,13.625212202869758,1456.3746285714976,1462.4857704254323
-11.47999999999331,20072.368491438305,13.714882872514055,1457.4158857143552,1463.5464756075505
-11.379999999993288,20218.16214286692,13.804494753307166,1458.4571428572085,1464.6071807896642
-11.279999999993265,20364.05689656154,13.89461045784249,1459.4379310345491,1465.6083348538584
-11.179999999993242,20510.050086216754,13.984603786365494,1460.425862069032,1466.616459038571
-11.07999999999322,20656.142068975412,14.07454079544591,1461.4137931035152,1467.624583223284
-10.979999999993197,20802.332844837525,14.164421601063033,1462.4017241379981,1468.6327074079975
-10.879999999993174,20948.62241380308,14.254246318877923,1463.389655172481,1469.6408315927104
-10.779999999993152,21095.010775872088,14.34401506423449,1464.3775862069642,1470.6489557774237
-10.679999999993129,21241.49793104454,14.433727952160625,1465.3655172414446,1471.6570799621343
-10.579999999993106,21388.082093606157,14.523727024435034,1466.3177339902134,1472.630410749416
-10.479999999993083,21534.76147784265,14.613671824276079,1467.269950738982,1473.603741536698
-10.37999999999306,21681.53608375402,14.703562459155313,1468.2221674877505,1474.57707232398
-10.279999999993038,21828.40591134027,14.793399036260725,1469.1743842365195,1475.550403111262
-10.179999999993015,21975.37096060139,14.883181662497663,1470.126600985288,1476.5237338985442
-10.079999999992992,22122.43123153739,14.972910444489774,1471.0788177340569,1477.4970646858262
-9.97999999999297,22269.58672414827,15.062585488579892,1472.0310344828295,1478.470395473112
-9.879999999992947,22416.84029557688,15.15163803435369,1473.0403940887409,1479.4994603719158
-9.779999999992924,22564.194802966085,15.240634960977975,1474.0497536946523,1480.5285252707192
-9.679999999992901,22711.65024631588,15.329576384349101,1475.0591133005641,1481.5575901695227
-9.579999999992879,22859.206625626266,15.418462420041664,1476.0684729064756,1482.5866550683265
-9.479999999992856,23006.86394089724,15.507293183309601,1477.077832512387,1483.61571996713
-9.379999999992833,23154.62219212881,15.596068789087292,1478.0871921182986,1484.6447848659338
-9.27999999999281,23302.481379320965,15.684789351990704,1479.0965517242087,1485.673849764736
-9.179999999992788,23450.440431045146,15.773676443219271,1480.0844827586916,1486.6819739494488
-9.079999999992765,23598.498275872775,15.862509473894894,1481.0724137931747,1487.6900981341623
-8.979999999992742,23746.65491380385,15.95128855384458,1482.0603448276577,1488.6982223188752
-8.87999999999272,23894.910344838372,16.04001379259803,1483.0482758621406,1489.7063465035878
-8.779999999992697,24043.264568976345,16.128685299388657,1484.0362068966238,1490.7144706883012
-8.679999999992674,24191.717586217765,16.21730318315456,1485.0241379311099,1491.7225948730174
-8.579999999992651,24340.271479895968,16.305423762760835,1486.0537356322593,1492.7714749423153
-8.479999999992629,24488.928333344284,16.393489519128874,1487.0833333334103,1493.820355011615
-8.379999999992606,24637.68910715385,16.481292842942356,1488.13214285722,1494.888134197812
-8.279999999992583,24786.554761915795,16.569040932393523,1489.18095238103,1495.9559133840096
-8.17999999999256,24935.525297630124,16.65673390567311,1490.2297619048397,1497.0236925702068
-8.079999999992538,25084.60071429683,16.744371880634862,1491.2785714286495,1498.0914717564042
-7.979999999992515,25233.781011915922,16.831954974796773,1492.327380952459,1499.1592509426014
-7.879999999992492,25383.06619048739,16.919483305342247,1493.376190476269,1500.2270301287986
-7.779999999992469,25532.45625001124,17.006956989121278,1494.425000000083,1501.2948093150003
-7.679999999992447,25681.954047630334,17.093737173202452,1495.5309523810356,1502.4189144484728
-7.579999999992424,25831.562440487516,17.180461153462627,1496.6369047619883,1503.5430195819456
-7.479999999992401,25981.2814285828,17.26712905586792,1497.742857142939,1504.667124715416
-7.379999999992378,26131.109928582842,17.353984757624943,1498.8271428572252,1505.7700172925086
-7.279999999992356,26281.04685715431,17.440785274604597,1499.9114285715111,1506.8729098696006
-7.179999999992333,26431.09221429721,17.52753072788882,1500.995714285797,1507.9758024466928
-7.07999999999231,26581.24600001154,17.614221238205587,1502.0800000000836,1509.0786950237857
-6.9799999999922875,26731.508500011583,17.700791000505653,1503.1700000000837,1510.1872283135795
-6.879999999992265,26881.880000011624,17.787305888750677,1504.260000000084,1511.2957616033736
-6.779999999992242,27032.360500011666,17.873766023602286,1505.3500000000843,1512.4042948931674
-6.679999999992219,27182.950000011708,17.96017152536859,1506.4400000000844,1513.5128281829616
-6.5799999999921965,27333.648500011754,18.04652251400551,1507.5300000000848,1514.6213614727553
-6.479999999992174,27484.456000011796,18.132819109118017,1508.620000000085,1515.7298947625493
-6.379999999992151,27635.37250001184,18.219061429961478,1509.710000000085,1516.838428052343
-6.279999999992128,27786.398000011883,18.305249595442863,1510.8000000000857,1517.9469613421372
-6.179999999992106,27937.532500011923,18.391383724122086,1511.8900000000858,1519.055494631931
-6.079999999992083,28088.776000011967,18.477463934213247,1512.9800000000837,1520.1640279217224
-5.97999999999206,28240.12702501201,18.56384453997764,1514.040500000084,1521.2434560199147
-5.879999999992037,28391.584100012053,18.650172309837885,1515.1010000000842,1522.3228841181062
-5.779999999992015,28543.147225012097,18.73644735610683,1516.1615000000845,1523.4023122162985
-5.679999999991992,28694.81640001214,18.82266979077926,1517.2220000000848,1524.48174031449
-5.579999999991969,28846.59162501218,18.90883972553295,1518.2825000000848,1525.5611684126818
-5.479999999991946,28998.472900012224,18.994957271729866,1519.343000000084,1526.640596510873
-5.379999999991924,29150.459502790043,19.081198407629884,1520.3890555556397,1527.7059060993688
-5.279999999991901,29302.55071112342,19.167387775507564,1521.4351111111955,1528.771215687865
-5.179999999991878,29454.74652501235,19.253525483509698,1522.4811666667513,1529.8365252763613
-5.0799999999918555,29607.04694445684,19.33961163948206,1523.527222222307,1530.9018348648574
-4.979999999991833,29759.451969456884,19.425646350970432,1524.573277777863,1531.9671444533537
-4.87999999999181,29911.96160001248,19.511629725221674,1525.6193333334186,1533.0324540418494
-4.779999999991787,30064.575836123637,19.597561869184727,1526.6653888889746,1534.0977636303462
-4.6799999999917645,30217.29467779035,19.6834428895117,1527.7114444445306,1535.1630732188423
-4.579999999991742,30370.118125012617,19.769272892558828,1528.757500000087,1536.2283828073391
-4.479999999991719,30523.046669243427,19.854928248769056,1529.813384615472,1537.3032975395297
-4.379999999991696,30676.08080193578,19.940532540847972,1530.8692692308566,1538.378212271721
-4.279999999991674,30829.22052308967,20.026085875761346,1531.9251538462413,1539.4531270039115
-4.179999999991651,30982.465832705093,20.111588360176366,1532.9810384616264,1540.5280417361028
-4.079999999991628,31135.816730782062,20.197040100462758,1534.0369230770111,1541.6029564682933
-3.9799999999916054,31289.273217320566,20.28244120269374,1535.092807692396,1542.677871200484
-3.8799999999915826,31442.83529232061,20.367791772647127,1536.148692307781,1543.7527859326747
-3.77999999999156,31596.50295578219,20.45309191580629,1537.2045769231659,1544.827700664866
-3.679999999991537,31750.27620770532,20.538341737361275,1538.2604615385508,1545.9026153970565
-3.5799999999915144,31904.155048089975,20.623541342209688,1539.3163461539355,1546.9775301292477
-3.4799999999914917,32058.139476936172,20.70869083495786,1540.3722307693206,1548.0524448614383
-3.379999999991469,32212.22949424391,20.793790319921722,1541.4281153847053,1549.1273595936295
-3.279999999991446,32366.425100013184,20.87883990112792,1542.48400000009,1550.20227432582
-3.1799999999914235,32520.726294243992,20.963839682314738,1543.5398846154749,1551.277189058011
-3.0799999999914007,32675.13307693635,21.04878976693315,1544.5957692308598,1552.352103790202
-2.979999999991378,32829.64544809024,21.13369025814778,1545.6516538462447,1553.4270185223927
-2.8799999999913553,32984.263407705665,21.218541258837906,1546.7075384616296,1554.5019332545833
-2.7799999999913325,33138.98695578263,21.303342871598453,1547.7634230770143,1555.576847986774
-2.67999999999131,33293.81609232114,21.388095198740952,1548.8193076923994,1556.651762718965
-2.579999999991287,33448.750817321175,21.47279834229455,1549.8751923077841,1557.7266774511559
-2.4799999999912643,33603.79113078275,21.55745240400695,1550.9310769231688,1558.8015921833469
-2.3799999999912416,33758.93703270588,21.64205748534542,1551.9869615385537,1559.8765069155377
-2.279999999991219,33914.18852309054,21.726613687497704,1553.0428461539386,1560.9514216477287
-2.179999999991196,34069.545601936734,21.81112111137303,1554.0987307693235,1562.0263363799195
-2.0799999999911734,34225.00826924447,21.895579857603067,1555.1546153847084,1563.10125111211
-1.9799999999911506,34380.57652501375,21.97999002654255,1556.2105000001138,1564.1761658443213
-1.8799999999911279,34536.262100013795,22.061102028134197,1557.501000000088,1565.4821801726048
-1.7799999999911051,34692.061725013846,22.146318499046863,1558.491500000088,1566.493398282289
-1.6799999999910824,34847.960400013886,22.231488211004887,1559.4820000000882,1567.504616391973
-1.5799999999910597,35003.95812501393,22.316611254444396,1560.4725000000885,1568.5158345016573
-1.479999999991037,35160.05490001397,22.401687719568457,1561.4630000000889,1569.5270526113418
-1.3799999999910142,35316.25072501401,22.486717696347768,1562.453500000093,1570.5382707210301
-1.2799999999909915,35472.547907706365,22.571057691244327,1563.4901538462473,1571.5944016866667
-1.1799999999909687,35628.948755783334,22.65535032483947,1564.5268076924012,1572.6505326523036
-1.079999999990946,35785.453269244914,22.7395956924872,1565.5634615385552,1573.7066636179402
-0.9799999999909232,35942.06144809112,22.8237938892857,1566.6001153847094,1574.762794583577
-0.8799999999909005,36098.77329232193,22.90794501007822,1567.6367692308636,1575.8189255492136
-0.7799999999908778,36255.58880193736,22.992049149453912,1568.6734230770176,1576.8750565148505
-0.679999999990855,36412.507976937406,23.076106401748707,1569.7100769231715,1577.931187480487
-0.5799999999908323,36569.53081732206,23.160116861046113,1570.7467307693257,1578.987318446124
-0.47999999999080956,36726.65732309134,23.244080621178124,1571.78338461548,1580.0434494117605
-0.3799999999907868,36883.88749424523,23.327997775725997,1572.8200384616339,1581.0995803773974
-0.2799999999907641,37041.22133078374,23.411868418021132,1573.8566923077879,1582.155711343034
-0.17999999999074134,37198.65883270685,23.495692641145876,1574.893346153942,1583.2118423086713
-0.0799999999907186,37356.200000014585,23.579470537934398,1575.9300000000962,1584.267973274308
0.02000000000930413,37513.84492501464,23.663175367278388,1576.9685000000966,1585.325905875213
0.12000000000932687,37671.59370001468,23.746834017296884,1578.007000000097,1586.383838476118
0.2200000000093496,37829.44632501473,23.830446580316952,1579.045500000097,1587.441771077023
0.32000000000937234,37987.402800014774,23.914013148419706,1580.0840000000971,1588.499703677928
0.4200000000093951,38145.463125014816,23.997533813441112,1581.1225000000975,1589.5576362788327
0.5200000000094178,38303.627300014865,24.08100866697282,1582.1610000000978,1590.6155688797376
0.6200000000094406,38461.89532501491,24.16443780036296,1583.199500000098,1591.6735014806427
0.7200000000094633,38620.267200014954,24.247821304716965,1584.238000000098,1592.7314340815476
0.820000000009486,38778.742925015,24.33115927089837,1585.2765000000984,1593.7893666824527
0.9200000000095088,38937.32250001505,24.41445178952962,1586.3150000000987,1594.8472992833576
1.0200000000095315,39096.005925015095,24.497698950992845,1587.3535000000988,1595.9052318842628
1.1200000000095542,39254.79320001514,24.580900845430698,1588.392000000099,1596.9631644851677
1.220000000009577,39413.68432501519,24.664057562747118,1589.4305000000993,1598.0210970860724
1.3200000000095997,39572.67930001523,24.74716919260811,1590.4690000000996,1599.0790296869773
1.4200000000096225,39731.77812501528,24.830235824442564,1591.5075000000998,1600.1369622878824
1.5200000000096452,39890.98080001533,24.913257547443028,1592.5460000000999,1601.1948948887873
1.620000000009668,40050.28732501537,24.99623445056646,1593.5845000001002,1602.2528274896924
1.7200000000096907,40209.697700015415,25.079166622535052,1594.6230000001005,1603.3107600905973
1.8200000000097134,40369.211925015465,25.162054151836966,1595.6615000001007,1604.3686926915025
1.9200000000097361,40528.830000015514,25.24489712672712,1596.7000000001012,1605.4266252924074
2.020000000009759,40688.551925015556,25.32769563522795,1597.7385000001013,1606.4845578933125
2.1200000000097816,40848.377700015604,25.4104497651302,1598.7770000001015,1607.5424904942174
2.2200000000098044,41008.30732501565,25.493159603993636,1599.8155000001018,1608.6004230951226
2.320000000009827,41168.3408000157,25.575825239147864,1600.8540000001021,1609.658355696027
2.42000000000985,41328.47812501575,25.65844675769303,1601.892500000101,1610.7162882969312
2.5200000000098726,41488.718742121055,25.741197714637078,1602.9198421053643,1611.7633375905252
2.6200000000098953,41649.06209343689,25.823904925303143,1603.947184210628,1612.81038688412
2.720000000009918,41809.50817896325,25.906568474837265,1604.9745263158914,1613.857436177714
2.8200000000099408,41970.05699870014,25.989188448164615,1606.0018684211548,1614.9044854713081
2.9200000000099635,42130.70855264756,26.071764929990287,1607.0292105264182,1615.9515347649021
3.0200000000099863,42291.4628408055,26.154298004799966,1608.0565526316814,1616.9985840584964
3.120000000010009,42452.319863173965,26.236787756860647,1609.083894736945,1618.0456333520908
3.2200000000100317,42613.27961975296,26.319234270221365,1610.1112368422082,1619.092682645685
3.3200000000100545,42774.34211054248,26.401637628713868,1611.1385789474718,1620.1397319392795
3.420000000010077,42935.50733554253,26.48399791595334,1612.165921052735,1621.1867812328737
3.5200000000101,43096.775294753104,26.566315215339085,1613.1932631579984,1622.2338305264677
3.6200000000101227,43258.145988174205,26.64858961005522,1614.2206052632619,1623.280879820062
3.7200000000101454,43419.61941580583,26.730821183071402,1615.2479473685253,1624.3279291136564
3.820000000010168,43581.19557764798,26.81301001714348,1616.2752894737887,1625.3749784072506
3.920000000010191,43742.87447370066,26.89515619481421,1617.302631579052,1626.4220277008446
4.020000000010214,43904.65610396386,26.977259798413908,1618.3299736843153,1627.4690769944389
4.120000000010236,44066.5404684376,27.05932091006117,1619.357315789579,1628.5161262880333
4.220000000010259,44228.52756712185,27.141339611663536,1620.3846578948421,1629.5631755816275
4.320000000010282,44390.617400016636,27.22331598491814,1621.4120000001074,1630.6102248752234
4.420000000010305,44552.81077207551,27.304987754774846,1622.455441176578,1631.6729812224332
4.520000000010327,44715.10848825203,27.386617110991445,1623.4988823530489,1632.7357375696433
4.62000000001035,44877.51054854619,27.46820413633585,1624.5423235295198,1633.7984939168532
4.720000000010373,45040.016952958,27.549748913360766,1625.5857647059906,1634.8612502640633
4.8200000000103955,45202.62770148746,27.631251524404377,1626.6292058824613,1635.9240066112732
4.920000000010418,45365.34279413456,27.712712051591044,1627.6726470589322,1636.9867629584828
5.020000000010441,45528.16223089932,27.794130576831996,1628.716088235403,1638.0495193056931
5.120000000010464,45691.086011781714,27.875507181826038,1629.759529411874,1639.1122756529028
5.2200000000104865,45854.11413678176,27.956841948060212,1630.8029705883446,1640.175032000113
5.320000000010509,46017.24660589946,28.038134956810524,1631.8464117648155,1641.2377883473227
5.420000000010532,46180.483419134805,28.119386289142565,1632.889852941286,1642.3005446945326
5.520000000010555,46343.824576487794,28.200596025912244,1633.9332941177572,1643.3633010417427
5.620000000010577,46507.27007795843,28.281764247766453,1634.9767352942279,1644.4260573889526
5.7200000000106,46670.81992354671,28.362891035143743,1636.0201764706987,1645.4888137361622
5.820000000010623,46834.47411325265,28.443976468274965,1637.0636176471694,1646.5515700833726
5.920000000010646,46998.23264707622,28.525020627183995,1638.1070588236405,1647.6143264305822
6.020000000010668,47162.095525017445,28.60602359168834,1639.1505000001112,1648.6770827777925
6.120000000010691,47326.062747076314,28.686985441399877,1640.193941176582,1649.7398391250022
6.220000000010714,47490.134313252835,28.767906255725435,1641.2373823530527,1650.802595472212
6.320000000010737,47654.310223547,28.8487861138675,1642.2808235295236,1651.8653518194221
6.420000000010759,47818.590477958816,28.929625094824882,1643.3242647059944,1652.928108166632
6.520000000010782,47982.97507648828,29.010423277393325,1644.3677058824653,1653.990864513842
6.620000000010805,48147.46401913538,29.09118074016621,1645.411147058936,1655.053620861052
6.7200000000108275,48312.05730590014,29.171897561535165,1646.4545882354068,1656.1163772082616
6.82000000001085,48476.754936782534,29.25257381969071,1647.4980294118777,1657.179133555472
6.920000000010873,48641.55691178259,29.33320959262297,1648.5414705883486,1658.2418899026816
7.020000000010896,48806.463230900285,29.413804958122206,1649.5849117648193,1659.304646249892
7.1200000000109185,48971.473894135626,29.494359993779558,1650.6283529412901,1660.3674025971015
7.220000000010941,49136.58890148862,29.574874776987595,1651.671794117761,1661.4301589443119
7.320000000010964,49301.80825295925,29.655349384941033,1652.715235294232,1662.4929152915215
7.420000000010987,49467.13194854754,29.735783894637308,1653.7586764707025,1663.5556716387314
7.520000000011009,49632.559988253466,29.816178382877215,1654.8021176471734,1664.618427985941
7.620000000011032,49798.09237207705,29.896532926265547,1655.845558823644,1665.6811843331514
7.720000000011055,49963.729100018274,29.976847601211745,1656.8890000001143,1666.7439406803605
7.820000000011078,50129.469842091494,30.057238389391653,1657.9258414635292,1667.8002547228057
7.9200000000111,50295.31426831106,30.137589538640484,1658.9626829269441,1668.8565687652501
8.020000000011123,50461.262378676955,30.217901124179782,1659.9995243903588,1669.9128828076953
8.120000000011146,50627.3141731892,30.29817322104094,1661.036365853774,1670.9691968501402
8.220000000011169,50793.46965184779,30.3784059040657,1662.0732073171887,1672.0255108925853
8.320000000011191,50959.72881465271,30.458599247906847,1663.1100487806036,1673.0818249350298
8.420000000011214,51126.09166160399,30.538753327028694,1664.1468902440183,1674.138138977475
8.520000000011237,51292.558192701596,30.618868215707774,1665.1837317074335,1675.1944530199198
8.62000000001126,51459.12840794555,30.6989439880334,1666.2205731708482,1676.2507670623645
8.720000000011282,51625.80230733584,30.778980717908215,1667.2574146342631,1677.3070811048094
8.820000000011305,51792.57989087248,30.858978479048847,1668.2942560976778,1678.3633951472546
8.920000000011328,51959.46115855546,30.93893734498644,1669.331097561093,1679.4197091896995
9.02000000001135,52126.44611038477,31.018857389067268,1670.3679390245077,1680.4760232321441
9.120000000011373,52293.534746360434,31.0987386844533,1671.4047804879226,1681.532337274589
9.220000000011396,52460.72706648244,31.178581304122776,1672.4416219513373,1682.5886513170342
9.320000000011419,52628.02307075078,31.258385320870808,1673.4784634147525,1683.644965359479
9.420000000011441,52795.42275916546,31.338150807309926,1674.5153048781672,1684.7012794019238
9.520000000011464,52962.92613172648,31.41787783587065,1675.552146341582,1685.7575934443687
9.620000000011487,53130.53318843385,31.4975664788021,1676.588987804997,1686.8139074868138
9.72000000001151,53298.243929287564,31.57721680817251,1677.625829268412,1687.8702215292587
9.820000000011532,53466.058354287605,31.65682889586982,1678.6626707318267,1688.9265355717034
9.920000000011555,53633.976463434,31.736402813602247,1679.6995121952416,1689.9828496141483
10.020000000011578,53801.998256726736,31.815938632898828,1680.7363536586565,1691.0391636565935
10.1200000000116,53970.12373416581,31.895436425110006,1681.7731951220715,1692.095477699038
10.220000000011623,54138.352895751224,31.97489626140813,1682.8100365854862,1693.151791741483
10.320000000011646,54306.68574148299,32.0543182127881,1683.846878048901,1694.208105783928
10.420000000011669,54475.122271361084,32.13370235006782,1684.883719512316,1695.2644198263731
10.520000000011692,54643.662485385525,32.21304874388885,1685.920560975731,1696.3207338688176
10.620000000011714,54812.30638355631,32.292357464716844,1686.9574024391457,1697.3770479112627
10.720000000011737,54981.05396587343,32.371628582842206,1687.9942439025608,1698.4333619537076
10.82000000001176,55149.905232336896,32.45086216838057,1689.0310853659755,1699.4896759961528
10.920000000011783,55318.8601829467,32.53005829127334,1690.0679268293904,1700.5459900385972
11.020000000011805,55487.918817702855,32.609217021288266,1691.1047682928051,1701.6023040810423
11.120000000011828,55657.081136605346,32.688338428019954,1692.1416097562203,1702.6586181234873
11.22000000001185,55826.34713965418,32.76742258089043,1693.178451219635,1703.7149321659324
11.320000000011873,55995.716826849355,32.84646954914965,1694.21529268305,1704.7712462083769
11.420000000011896,56165.19019819087,32.92547940187602,1695.2521341464646,1705.827560250822
11.520000000011919,56334.767253678714,33.00445220797698,1696.2889756098798,1706.883874293267
11.620000000011942,56504.44799331292,33.0833880361895,1697.3258170732945,1707.9401883357116
11.720000000011964,56674.23241709345,33.16228695508057,1698.3626585367094,1708.9965023781565
11.820000000011987,56844.120525020335,33.24114903304787,1699.39950000012,1710.0528164205975
11.92000000001201,57014.11055557594,33.32064139261541,1700.4011111112316,1711.0748224736014
12.020000000012033,57184.20074724266,33.40009735106758,1701.4027222223426,1712.0968285266051
12.120000000012055,57354.39110002049,33.479516973552506,1702.4043333334541,1713.1188345796086
12.220000000012078,57524.68161390943,33.55890032506293,1703.4059444445654,1714.1408406326127
12.3200000000121,57695.072288909476,33.638247470436724,1704.4075555556767,1715.1628466856162
12.420000000012124,57865.56312502064,33.71755847435727,1705.4091666667882,1716.1848527386203
12.520000000012146,58036.154122242915,33.79683340135398,1706.4107777778995,1717.2068587916242
12.620000000012169,58206.8452805763,33.87607231580276,1707.4123888890108,1718.2288648446279
12.720000000012192,58377.63660002079,33.9552752819264,1708.414000000122,1719.2508708976318
12.820000000012215,58548.5280805764,34.03444236379511,1709.4156111112334,1720.2728769506355
12.920000000012237,58719.51972224312,34.113573625326914,1710.4172222223447,1721.2948830036394
13.02000000001226,58890.61152502095,34.19266913028812,1711.418833333456,1722.316889056643
13.120000000012283,59061.803488909885,34.27172894229379,1712.4204444445675,1723.338895109647
13.220000000012305,59233.09561390994,34.350753124808165,1713.4220555556785,1724.3609011626506
13.320000000012328,59404.4879000211,34.4297417411451,1714.42366666679,1725.3829072156545
13.420000000012351,59575.98034724337,34.50869485446855,1715.4252777779016,1726.4049132686582
13.520000000012374,59747.57295557676,34.587612527792984,1716.4268888890126,1727.4269193216621
13.620000000012396,59919.26572502126,34.666494823983825,1717.4285000001241,1728.4489253746658
13.72000000001242,60091.05865557686,34.745341805757896,1718.4301111112354,1729.4709314276697
13.820000000012442,60262.95174724358,34.824153535683884,1719.4317222223467,1730.4929374806734
13.920000000012465,60434.94500002141,34.90293007618272,1720.433333333458,1731.5149435336773
14.020000000012487,60607.03841391035,34.98167148952807,1721.4349444445693,1732.5369495866814
14.12000000001251,60779.2319889104,35.060377837846765,1722.4365555556806,1733.5589556396849
14.220000000012533,60951.52572502157,35.139049183119184,1723.4381666667919,1734.580961692689
14.320000000012556,61123.91962224384,35.21768558717973,1724.4397777779034,1735.6029677456925
14.420000000012578,61296.41368057722,35.29628711171725,1725.4413888890144,1736.6249737986961
14.520000000012601,61469.00790002172,35.374853818275234,1726.443000000137,1737.646979851711
14.620000000012624,61641.70672502177,35.451618394356856,1727.5335000001373,1738.755789350193
14.720000000012647,61814.51460002182,35.528347804148964,1728.6240000001376,1739.8645988486744
14.82000000001267,61987.43152502188,35.605042114842774,1729.7145000001378,1740.9734083471565
14.920000000012692,62160.457500021934,35.68170139345847,1730.805000000138,1742.0822178456383
15.020000000012715,62333.59252502199,35.75832570684568,1731.8955000001383,1743.1910273441204
15.120000000012737,62506.83660002204,35.83491512168409,1732.9860000001388,1744.2998368426017
15.22000000001276,62680.1897250221,35.911469704483906,1734.0765000001388,1745.4086463410838
15.320000000012783,62853.65190002215,35.98798952158647,1735.1670000001393,1746.5174558395656
15.420000000012806,63027.2231250222,36.06447463916474,1736.2575000001393,1747.6262653380472
15.520000000012828,63200.90340002225,36.14092512322385,1737.3480000001398,1748.735074836529
15.620000000012851,63374.69272502229,36.217341039601614,1738.4385000001398,1749.8438843350107
15.720000000012874,63548.591100022364,36.29372245396913,1739.5290000001403,1750.9526938334925
15.820000000012897,63722.598525022404,36.37006943183116,1740.6195000001403,1752.0615033319746
15.92000000001292,63896.71500002245,36.446382038526856,1741.7100000001408,1753.1703128304564
16.020000000012942,64070.94052502251,36.52266033923011,1742.8005000001408,1754.279122328938
16.120000000012965,64245.27510002257,36.598904398950154,1743.8910000001413,1755.3879318274198
16.220000000012988,64419.71872502261,36.67511428253207,1744.9815000001413,1756.4967413259014
16.32000000001301,64594.27140002267,36.751290054657325,1746.0720000001418,1757.6055508243833
16.420000000013033,64768.933125022726,36.8211508592436,1747.4625000001029,1759.0143603228278
16.520000000013056,64943.71890002278,36.896970817841044,1748.5530000001788,1760.1368746677736
16.62000000001308,65118.64284266991,36.967208139179405,1749.9258529413555,1761.5245002409156
16.7200000000131,65293.704070611144,37.03741276409939,1751.2987058825324,1762.912125814057
16.820000000013124,65468.90258384651,37.1075847697484,1752.6715588237093,1764.299751387199
16.920000000013147,65644.23838237599,37.17772423303134,1754.044411764886,1765.6873769603403
17.02000000001317,65819.71146619957,37.24783123061153,1755.4172647060627,1767.075002533482
17.120000000013192,65995.32183531729,37.31790583891169,1756.7901176472394,1768.4626281066237
17.220000000013215,66171.0694897291,37.387948134114865,1758.162970588416,1769.8502536797653
17.320000000013238,66346.95442943505,37.45795819216537,1759.535823529593,1771.237879252907
17.42000000001326,66522.9766544351,37.527936088769714,1760.90867647077,1772.6255048260487
17.520000000013283,66699.13616472928,37.597881899397535,1762.2815294119466,1774.0131303991905
17.620000000013306,66875.43296031757,37.667795699282536,1763.6543823531233,1775.400755972332
17.72000000001333,67051.86704119998,37.73767756342338,1765.0272352943002,1776.7883815454738
17.82000000001335,67228.43840737651,37.80752756658467,1766.4000882354771,1778.1760071186154
17.920000000013374,67405.14705884716,37.87734578329775,1767.7729411766538,1779.5636326917572
18.020000000013397,67581.99299561192,37.94713228786173,1769.1457941178305,1780.9512582648988
18.12000000001342,67758.9762176708,38.016887154344325,1770.5186470590074,1782.3388838380406
18.220000000013442,67936.0967250238,38.08661045658053,1771.8915000002894,1783.7265094112868
18.320000000013465,68113.39373335721,38.13963495296336,1774.0486666669567,1785.8952718703188
18.420000000013488,68290.90645835729,38.192651463945566,1776.205833333624,1788.0640343293505
18.52000000001351,68468.63490002402,38.245660018548676,1778.3630000002913,1790.2327967883825
18.620000000013533,68646.57905835743,38.29866064565378,1780.5201666669586,1792.4015592474143
18.720000000013556,68824.7389333575,38.35165337400235,1782.6773333336257,1794.5703217064458
18.82000000001358,69003.11452502423,38.40463823219387,1784.8345000004424,1796.7390841656268
18.9200000000136,69181.76083335765,38.434172085358945,1788.0916666671096,1800.0065327206994
19.020000000013624,69360.73285835772,38.46377953575678,1791.3488333337773,1803.2739812757727
19.120000000013647,69540.03060002447,38.49346018404843,1794.6060000003638,1806.5414298307649
19.22000000001367,69719.62461391343,38.53572510162743,1797.2742777781423,1809.2205201808713
19.320000000013692,69899.48545558017,38.57801229677186,1799.9425555559205,1811.899610530977
19.420000000013715,70079.6131250247,38.62032167080821,1802.6108333336988,1814.578700881083
19.520000000013738,70260.007622247,38.66265312564485,1805.2791111114773,1817.2577912311892
19.62000000001376,70440.66894724708,38.70500656376777,1807.9473888892553,1819.9368815812952
19.720000000013783,70621.59710002493,38.747381888236276,1810.6156666670336,1822.615971931401
19.820000000013806,70802.79208058056,38.78977900267883,1813.2839444448123,1825.2950622815074
19.92000000001383,70984.25388891398,38.832197811288886,1815.9522222225903,1827.9741526316132
20.02000000001385,71165.98252502516,38.87463821881753,1818.6205000005166,1830.6532429818674
20.120000000013874,71348.03160002525,38.894399386664254,1822.3610000005178,1834.4037374308546
20.220000000013897,71530.45472502535,38.9142834069383,1826.1015000002672,1838.15423187959
20.32000000001392,71713.16106669209,38.97263318103477,1828.0253333336007,1840.0902175013882
20.420000000013943,71896.05979169215,39.030964744036304,1829.9491666669346,1842.0262031231866
20.520000000013965,72079.15090002556,39.08927815330271,1831.8730000002683,1843.9621887449844
20.620000000013988,72262.4343916923,39.14757346595307,1833.7968333336025,1845.8981743667832
20.72000000001401,72445.91026669236,39.2058507388672,1835.720666666936,1847.834159988581
20.820000000014034,72629.57852502576,39.264110028688606,1837.64450000018,1849.7701456102898
20.920000000014056,72813.40722224805,39.33583345560775,1838.929444444625,1851.070660659097
21.02000000001408,72997.36441391477,39.40752553872904,1840.21438888907,1852.371175707904
21.1200000000141,73181.45010002595,39.47918634402385,1841.4993333335144,1853.671690756711
21.220000000014124,73365.66428058156,39.55081593727852,1842.7842777779595,1854.972205805518
21.320000000014147,73550.00695558162,39.62241438409504,1844.0692222224038,1856.2727208543242
21.42000000001417,73734.47812502613,39.69398174989167,1845.3541666668489,1857.5732359031317
21.520000000014193,73919.07778891508,39.765518099903645,1846.6391111112932,1858.8737509519383
21.620000000014215,74103.80594724847,39.837023499183694,1847.9240555557383,1860.1742660007455
21.720000000014238,74288.66260002632,39.90849801260283,1849.2090000001826,1861.474781049552
21.82000000001426,74473.6477472486,39.97994170485081,1850.4939444446277,1862.775296098359
21.920000000014284,74658.76138891533,40.05135464043695,1851.7788888890725,1864.0758111471664
22.020000000014306,74844.00352502649,40.122736883690635,1853.063833333517,1865.3763261959728
22.12000000001433,75029.37415558212,40.19408849876196,1854.348777777962,1866.67684124478
22.220000000014352,75214.87328058218,40.2654095496224,1855.6337222224065,1867.9773562935866
22.320000000014375,75400.50090002667,40.33670010006535,1856.9186666668513,1869.2778713423936
22.420000000014397,75586.25701391563,40.40796021370687,1858.203611111296,1870.5783863912004
22.52000000001442,75772.14162224902,40.47918995398618,1859.4885555557407,1871.8789014400072
22.620000000014443,75958.15472502686,40.550389384166316,1860.7735000001853,1873.1794164888142
22.720000000014466,76144.29632224915,40.62155856733477,1862.0584444446301,1874.4799315376213
22.82000000001449,76330.56641391588,40.692697566404064,1863.3433888890752,1875.780446586428
22.92000000001451,76516.96500002705,40.763806444112376,1864.6283333335195,1877.0809616352349
23.020000000014534,76703.49208058266,40.83488526302411,1865.9132777779646,1878.381476684042
23.120000000014556,76890.14765558272,40.90593408553056,1867.198222222409,1879.681991732849
23.22000000001458,77076.93172502723,40.976952973850445,1868.483166666854,1880.9825067816557
23.320000000014602,77263.84428891617,41.04794199003052,1869.7681111112984,1882.283021830462
23.420000000014625,77450.88534724957,41.1189011959462,1871.0530555557434,1883.5835368792696
23.520000000014647,77638.0549000274,41.189830653302124,1872.3380000001882,1884.8840519280766
23.62000000001467,77825.35294724969,41.260730423632765,1873.6229444446328,1886.1845669768834
23.720000000014693,78012.77948891642,41.33160056830298,1874.9078888890776,1887.4850820256902
23.820000000014716,78200.33452502759,41.40244114850863,1876.1928333335222,1888.7855970744968
23.92000000001474,78388.0180555832,41.47325222527712,1877.477777777967,1890.0861121233042
24.02000000001476,78575.83008058327,41.544033859468065,1878.7627222224116,1891.3866271721106
24.120000000014784,78763.77060002778,41.61478611177374,1880.0476666668565,1892.6871422209178
24.220000000014807,78951.83961391673,41.68550904271977,1881.332611111301,1893.9876572697244
24.32000000001483,79140.03712225013,41.75620271266562,1882.6175555557459,1895.2881723185315
24.420000000014852,79328.36312502796,41.826867181804225,1883.902500000236,1896.5886873673833
24.520000000014875,79516.83290002802,41.890814258835874,1885.4930000002364,1898.1925824766183
24.620000000014898,79705.46172502809,41.95473708126515,1887.0835000002367,1899.7964775858527
24.72000000001492,79894.24960002815,42.01863571047072,1888.6740000002371,1901.4003726950878
24.820000000014943,80083.19652502824,42.08251020762443,1890.2645000002374,1903.0042678043221
24.920000000014966,80272.3025000283,42.146360633691955,1891.8550000002379,1904.608162913557
25.02000000001499,80461.56752502837,42.21018704943389,1893.445500000238,1906.2120580227916
25.12000000001501,80650.99160002843,42.273989515406434,1895.0360000002386,1907.8159531320266
25.220000000015034,80840.57472502849,42.33776809196125,1896.6265000002893,1909.4198482413115
25.320000000015057,81030.33368574287,42.39411186236499,1898.5527142860037,1911.358208159017
25.42000000001508,81220.28526788579,42.45044214422531,1900.4789285717188,1913.2965680767234
25.520000000015102,81410.42947145729,42.50675897849649,1902.4051428574332,1915.2349279944292
25.620000000015125,81600.76629645737,42.563062405967116,1904.3313571431484,1917.1732879121353
25.720000000015148,81791.29574288601,42.61935246726097,1906.2575714288628,1919.1116478298413
25.82000000001517,81982.01781074321,42.67562920283791,1908.1837857145774,1921.0500077475472
25.920000000015193,82172.93250002901,42.731892652994645,1910.1100000002923,1922.9883676652535
26.020000000015216,82364.03981074337,42.78814285786559,1912.036214286007,1924.926727582959
26.12000000001524,82555.3397428863,42.84437985742362,1913.9624285717218,1926.8650875006651
26.22000000001526,82746.8322964578,42.90060369148097,1915.8886428574365,1928.8034474183714
26.320000000015284,82938.51747145788,42.956814399689975,1917.8148571431514,1930.7418073360777
26.420000000015307,83130.39526788652,43.01301202154393,1919.741071428866,1932.6801672537833
26.52000000001533,83322.46568574372,43.0691965963778,1921.6672857145804,1934.618527171489
26.620000000015352,83514.72872502952,43.125368163352135,1923.5935000010572,1936.5568870899565
26.720000000015375,83707.43260002967,43.07141878376513,1930.484000000318,1943.4565882371498
26.820000000015398,83900.58459910382,43.12456673890259,1932.5559814818,1945.5403484301507
26.92000000001542,84093.94379632612,43.177707353281455,1934.6279629632818,1947.624108623152
27.020000000015443,84287.51019169657,43.23084065043819,1936.6999444447638,1949.7078688161532
27.120000000015466,84481.28378521516,43.28396665380866,1938.771925926246,1951.7916290091553
27.22000000001549,84675.2645768819,43.33708538672885,1940.843907407728,1953.8753892021562
27.32000000001551,84869.4525666968,43.39019687243522,1942.9158888892098,1955.959149395157
27.420000000015534,85063.84775465983,43.44330113406533,1944.9878703706918,1958.0429095881586
27.520000000015557,85258.45014077102,43.4963981946584,1947.0598518521736,1960.1266697811598
27.62000000001558,85453.25972503035,43.54948807715573,1949.1318333336555,1962.2104299741611
27.720000000015602,85648.27650743784,43.60257080440132,1951.2038148151378,1964.2941901671625
27.820000000015625,85843.50048799349,43.655646399142285,1953.2757962966198,1966.377950360164
27.920000000015648,86038.93166669724,43.70871488402947,1955.3477777781015,1968.4617105531652
28.02000000001567,86234.57004354919,43.76177628161791,1957.4197592595835,1970.5454707461665
28.120000000015693,86430.41561854926,43.8148306143673,1959.4917407410653,1972.6292309391674
28.220000000015716,86626.46839169749,43.867877904642555,1961.5637222225473,1974.712991132169
28.32000000001574,86822.72836299385,43.92091817471429,1963.6357037040295,1976.7967513251706
28.42000000001576,87019.19553243839,43.97395144675936,1965.7076851855115,1978.8805115181715
28.520000000015784,87215.86990003106,44.026977742861206,1967.7796666669933,1980.9642717111728
28.620000000015807,87412.75146577186,44.07999708501053,1969.8516481484753,1983.048031904174
28.72000000001583,87609.84022966084,44.133009495105696,1971.923629629957,1985.1317920971755
28.820000000015852,87807.13619169795,44.186014994953204,1973.995611111439,1987.2155522901764
28.920000000015875,88004.63935188322,44.23901360626816,1976.0675925929213,1989.2993124831783
29.020000000015898,88202.34971021661,44.29200535067483,1978.1395740744033,1991.3830726761794
29.12000000001592,88400.2672666982,44.34499024970704,1980.211555555885,1993.466832869181
29.220000000015943,88598.3920213279,44.39796832480867,1982.283537037367,1995.5505930621819
29.320000000015966,88796.72397410574,44.45093959733411,1984.3555185188488,1997.6343532551832
29.42000000001599,88995.26312503176,44.50390408855116,1986.4275000002249,1999.7181134480788
29.52000000001601,89193.97628610778,44.571563757041794,1987.8357215192125,2001.1408343737135
29.620000000016034,89392.83026933567,44.6391976088734,1989.2439430382003,2002.5635552993479
29.720000000016057,89591.8250747155,44.706805699031285,1990.652164557188,2003.9862762249818
29.82000000001608,89790.9607022472,44.77438808234461,1992.0603860761757,2005.4089971506164
29.920000000016103,89990.23715193082,44.84194481348713,1993.4686075951633,2006.831718076251
30.020000000016125,90189.65442376635,44.909475946977686,1994.8768291141512,2008.2544390018854
30.120000000016148,90389.21251775375,44.97698153718069,1996.2850506331383,2009.677159927519
30.22000000001617,90588.91143389307,45.04446163830671,1997.6932721521262,2011.0998808531535
30.320000000016194,90788.75117218426,45.111916304413036,1999.1014936711138,2012.5226017787882
30.420000000016216,90988.73173262736,45.17934558940424,2000.5097151901016,2013.9453227044226
30.52000000001624,91188.85311522237,45.24674954703266,2001.9179367090892,2015.368043630057
30.62000000001626,91389.11531996926,45.31412823089892,2003.326158228077,2016.790764555691
30.720000000016285,91589.51834686809,45.38148169445257,2004.7343797470646,2018.2134854813257
30.820000000016307,91790.06219591877,45.448809990992466,2006.1426012660525,2019.6362064069601
30.92000000001633,91990.74686712139,45.51611317366749,2007.5508227850396,2021.0589273325943
31.020000000016353,92191.57236047588,45.58339129547689,2008.9590443040274,2022.4816482582282
31.120000000016375,92392.53867598229,45.65064440927092,2010.3672658230153,2023.9043691838629
31.220000000016398,92593.64581364057,45.71787256775131,2011.7754873420029,2025.3270901094972
31.32000000001642,92794.89377345076,45.78507582347186,2013.1837088609905,2026.7498110351319
31.420000000016444,92996.28255541286,45.85225422883887,2014.5919303799783,2028.1725319607658
31.520000000016466,93197.81215952685,45.91940783611168,2016.000151898966,2029.5952528864004
31.62000000001649,93399.48258579274,45.98653669740325,2017.4083734179537,2031.0179738120348
31.720000000016512,93601.29383421053,46.05364086468059,2018.8165949369413,2032.4406947376694
31.820000000016535,93803.24590478021,46.12072038976531,2020.2248164559287,2033.863415663303
31.920000000016557,94005.33879750183,46.187775324334105,2021.6330379749163,2035.2861365889376
32.02000000001658,94207.57251237529,46.25480571991928,2023.0412594939041,2036.708857514572
32.1200000000166,94409.9470494007,46.3218116279093,2024.4494810128917,2038.1315784402066
32.220000000016626,94612.46240857798,46.388793099549176,2025.8577025318796,2039.554299365841
32.32000000001665,94815.11858990714,46.45575018594107,2027.2659240508672,2040.9770202914751
32.42000000001667,95017.91559338824,46.52268293804475,2028.674145569855,2042.3997412171095
32.520000000016694,95220.85341902122,46.589591406678075,2030.0823670888426,2043.8224621427441
32.62000000001672,95423.93206680608,46.65647564251753,2031.49058860783,2045.245183068378
32.72000000001674,95627.15153674288,46.72333569609867,2032.8988101268176,2046.6679039940122
32.82000000001676,95830.51182883156,46.79017161781662,2034.3070316458054,2048.090624919647
32.920000000016785,96034.01294307214,46.8569834579266,2035.715253164793,2049.513345845281
33.02000000001681,96237.65487946461,46.923771266544364,2037.1234746837808,2050.9360667709157
33.12000000001683,96441.43763800898,46.99053509364673,2038.5316962027684,2052.35878769655
33.22000000001685,96645.36121870526,47.05727498907199,2039.9399177217563,2053.7815086221844
33.320000000016876,96849.42562155343,47.12399100252048,2041.3481392407439,2055.2042295478186
33.4200000000169,97053.6308465535,47.19068318355495,2042.7563607597317,2056.6269504734532
33.52000000001692,97257.97689370548,47.2573515816012,2044.1645822787189,2058.049671399087
33.620000000016944,97462.46376300933,47.32399624594834,2045.5728037977067,2059.472392324721
33.72000000001697,97667.0914544651,47.390617225749416,2046.9810253166943,2060.8951132503557
33.82000000001699,97871.85996807275,47.45721457002187,2048.389246835682,2062.3178341759904
33.92000000001701,98076.76930383233,47.52378832764799,2049.797468354669,2063.7405551016236
34.020000000017035,98281.81922245807,47.59044715485585,2051.200904159371,2065.1585580327956
34.12000000001706,98487.00948466429,47.65708241591805,2052.604339964073,2066.5765609639675
34.22000000001708,98692.34009045099,47.7236941593118,2054.007775768775,2067.994563895139
34.3200000000171,98897.81103981815,47.79028243338141,2055.4112115734765,2069.4125668263105
34.420000000017126,99103.42233276578,47.8568472863388,2056.8146473781785,2070.830569757482
34.52000000001715,99309.17396929387,47.92338876626392,2058.2180831828805,2072.248572688654
34.62000000001717,99515.06594940244,47.98990692110523,2059.6215189875825,2073.6665756198254
34.720000000017194,99721.09827309147,48.05640179868009,2061.0249547922845,2075.0845785509973
34.82000000001722,99927.270940361,48.122873446675314,2062.4283905969864,2076.502581482169
34.92000000001724,100133.58395121097,48.189321912647436,2063.8318264016884,2077.9205844133407
35.02000000001726,100340.03730564144,48.25574724402339,2065.2352622063904,2079.3385873445122
35.120000000017285,100546.63100365236,48.32214948810073,2066.6386980110924,2080.756590275684
35.22000000001731,100753.36504524374,48.38852869204822,2068.042133815794,2082.174593206855
35.32000000001733,100960.2394304156,48.45488490290619,2069.445569620496,2083.592596138027
35.42000000001735,101167.25415916792,48.52121816758702,2070.849005425198,2085.010599069199
35.520000000017376,101374.40923150074,48.587528532875595,2072.2524412299003,2086.4286020003706
35.6200000000174,101581.704647414,48.65381604542961,2073.6558770346023,2087.846604931542
35.72000000001742,101789.14040690775,48.720080751780166,2075.0593128393043,2089.264607862714
35.820000000017444,101996.71650998197,48.7863226983321,2076.4627486440063,2090.682610793886
35.92000000001747,102204.43295663664,48.852541931364435,2077.8661844487083,2092.1006137250574
36.02000000001749,102412.28974687179,48.91873849703084,2079.26962025341,2093.5186166562285
36.12000000001751,102620.28688068742,48.98491244135995,2080.673056058112,2094.9366195874004
36.220000000017535,102828.4243580835,49.05106381025594,2082.076491862814,2096.3546225185723
36.32000000001756,103036.70217906007,49.117192649498854,2083.4799276675158,2097.772625449744
36.42000000001758,103245.12034361712,49.18329900474501,2084.8833634722178,2099.1906283809153
36.5200000000176,103453.67885175462,49.249382921527435,2086.2867992769197,2100.6086313120873
36.620000000017626,103662.37770347258,49.31544444524334,2087.690235082174,2102.0266342438126
36.72000000001765,103871.37356543777,49.30795850326179,2092.22700422021,2106.584346998802
36.82000000001767,104080.82310431672,49.3007197802951,2096.7637733582455,2111.142059753792
36.920000000017694,104290.7263201095,49.29372667864351,2101.3005424961457,2115.699772508647
37.02000000001772,104501.04487948274,49.30471705658147,2105.070644967515,2119.493856126558
37.12000000001774,104711.74044910309,49.31584571695198,2108.8407474388837,2123.2879397444694
37.22000000001776,104922.81302897059,49.3271119197964,2112.6108499099932,2127.082023362126
37.320000000017785,105134.18935786726,49.371553073288915,2114.915728022424,2129.448696940975
37.42000000001781,105345.80644791952,49.41127437530116,2117.4260730216283,2132.0196206187697
37.52000000001783,105557.67457247167,49.45101759890866,2119.9364180207967,2134.590544296529
37.62000000001785,105769.78373152377,49.49536237666645,2122.2467630200013,2136.963518452523
37.720000000017876,105982.1239250758,49.5397167725824,2124.5571080192053,2139.336492608518
37.8200000000179,106194.6951531277,49.58408075468628,2126.8674530184094,2141.709466764513
37.92000000001792,106407.49741567957,49.62845429114947,2129.1777980176134,2144.082440920507
38.020000000017944,106620.53071273134,49.67283735028398,2131.4881430168184,2146.4554150765016
38.12000000001797,106833.79504428302,49.71722990053588,2133.7984880162817,2148.828389232754
38.22000000001799,107047.36262462036,49.728417550407286,2137.5531187297725,2152.6396353978416
38.32000000001801,107261.30566802908,49.739739766430205,2141.3077494432623,2156.4508815629288
38.420000000018035,107475.62417450912,49.751195836378905,2145.0623801567526,2160.2621277280164
38.52000000001806,107690.31814406053,49.76278505304505,2148.8170108702425,2164.073373893104
38.62000000001808,107905.38757668326,49.77450671419349,2152.5716415837333,2167.8846200581916
38.7200000000181,108120.83247237735,49.7863601225187,2156.326272297223,2171.6958662232787
38.820000000018126,108336.65283114281,49.79834458560153,2160.080903010714,2175.5071123883663
38.92000000001815,108552.84865297959,49.81045941586651,2163.8355337242037,2179.318358553453
39.02000000001817,108769.41993788775,49.82270393053957,2167.590164437694,2183.129604718541
39.120000000018194,108986.36668586725,49.835077451606246,2171.3447951511844,2186.9408508836277
39.22000000001822,109203.68889691809,49.84757930577013,2175.0994258646747,2190.7520970487158
39.32000000001824,109421.38657104028,49.860208824412155,2178.854056578165,2194.5633432138025
39.42000000001826,109639.45970823382,49.87296534354975,2182.6086872916553,2198.3745893788905
39.520000000018285,109857.90830849869,49.885848203793174,2186.3633180053075,2202.185835544146
39.62000000001831,110076.77687183495,49.87803448135586,2191.007948718561,2206.9188975957154
39.72000000001833,110296.04489824254,49.90011298063883,2194.352579432051,2210.3365766133084
39.820000000018354,110515.64738772144,49.92227439274889,2197.6972101455412,2213.7542556309018
39.920000000018376,110735.58434027176,49.94451833426598,2201.041840859031,2217.1719346484956
40.0200000000184,110955.85575589338,49.96684442404854,2204.3864715761615,2220.589613669729
40.12000000001842,111177.45288458672,49.547998577514626,2227.5561022869847,2243.83337524031
40.220000000018445,111400.64047635112,49.45547206328778,2236.1957330004766,2252.544275258208
40.32000000001847,111624.69203118689,49.36404049028088,2244.835363713968,2261.255175276106
40.42000000001849,111849.60754909404,49.27369125313055,2253.474994426988,2269.966075293533
40.52000000001851,112075.25935150102,49.239527688479036,2259.561053712042,2276.1237691100796
40.620000000018536,112301.55609316989,49.19058437598034,2266.3737796636283,2282.988858900536
40.72000000001856,112528.53410743386,49.142232050110216,2273.186505615214,2289.8539486909913
40.82000000001858,112756.193394293,49.09446541133979,2279.999231566801,2296.7190384814476
40.920000000018604,112984.53395374732,49.04727922331439,2286.8119575183873,2303.5841282719034
41.02000000001863,113213.5557857968,49.00066831191489,2293.6246834699737,2310.4492180623593
41.12000000001865,113443.2588904414,48.95462756435832,2300.437409420499,2317.314307851754
41.22000000001867,113673.3588629192,49.029158210804695,2301.562040133989,2318.484816202059
41.320000000018695,113903.57129846832,49.103662122927204,2302.6866708474786,2319.6553245523637
41.42000000001872,114133.8961970888,49.17813934117623,2303.8113015609683,2320.8258329026685
41.52000000001874,114364.33355878062,49.252589905920544,2304.9359322744576,2321.9963412529733
41.62000000001876,114594.8833835438,49.3270138574476,2306.060562987948,2323.1668496032785
41.720000000018786,114825.5456713783,49.4014112359637,2307.185193701437,2324.337357953583
41.82000000001881,115056.32042228417,49.47578208159416,2308.309824414927,2325.507866303888
41.92000000001883,115287.2076362614,49.550126434383614,2309.4344551284166,2326.6783746541923
42.020000000018854,115518.20731330996,49.624444334296065,2310.5590858419064,2327.8488830044976
42.12000000001888,115749.31945342988,49.69873582121527,2311.6837165553957,2329.019391354802
42.2200000000189,115980.54405662116,49.773000934944776,2312.8083472688854,2330.189899705107
42.32000000001892,116211.88112288377,49.84723971520823,2313.932977982375,2331.3604080554114
42.420000000018945,116443.33065221774,49.92145220164952,2315.057608695865,2332.5309164057167
42.52000000001897,116674.89264462305,49.99563843383303,2316.182239409354,2333.7014247560214
42.62000000001899,116906.56710009971,50.069798451243784,2317.3068701228444,2334.871933106326
42.72000000001901,117138.3540186477,50.14393229328765,2318.4315008363337,2336.0424414566314
42.820000000019036,117370.25340026709,50.218039999291626,2319.5561315498235,2337.212949806936
42.92000000001906,117602.26524495777,50.29212160850386,2320.6807622633128,2338.383458157241
43.02000000001908,117834.38955271985,50.366177160094075,2321.805392976803,2339.5539665075457
43.120000000019104,118066.62632355325,50.44020669315354,2322.9300236902923,2340.7244748578505
43.22000000001913,118298.97555745802,50.51421024669542,2324.054654403782,2341.8949832081557
43.32000000001915,118531.43725443412,50.58818785965494,2325.179285117272,2343.06549155846
43.42000000001917,118764.01141448157,50.6621395708895,2326.3039158307615,2344.2359999087653
43.520000000019195,118996.69803760039,50.73606541917902,2327.428546544251,2345.4065082590696
43.62000000001922,119229.49712379054,50.809965443225934,2328.553177257741,2346.577016609375
43.72000000001924,119462.40867305202,50.883839681655594,2329.6778079712303,2347.747524959679
43.82000000001926,119695.43268538489,50.957688173016294,2330.80243868472,2348.9180333099844
43.920000000019286,119928.56916078909,51.031510955779574,2331.9270693982094,2350.088541660289
44.02000000001931,120161.81809926462,51.10530806834033,2333.0517001116996,2351.259050010594
44.12000000001933,120395.17950081154,51.179079549017075,2334.176330825189,2352.4295583608987
44.220000000019354,120628.65336542977,51.25282543605326,2335.3009615386227,2353.600066711148
44.32000000001938,120862.22518075792,51.3328250969564,2336.1353450227857,2354.4822431353778
44.4200000000194,121095.88043443444,51.41280025664827,2336.9697285069487,2355.3644195596085
44.52000000001942,121329.6191264594,51.492750942648605,2337.8041119911118,2356.246595983839
44.620000000019445,121563.44125683278,51.57267718243589,2338.6384954752752,2357.12877240807
44.72000000001947,121797.34682555457,51.6525790034475,2339.4728789594383,2358.0109488323
44.82000000001949,122031.33583262477,51.73245643307973,2340.3072624436013,2358.8931252565308
44.92000000001951,122265.4082780434,51.812309498687995,2341.141645927764,2359.7753016807605
45.020000000019536,122499.56416181043,51.8921382275867,2341.9760294119274,2360.6574781049912
45.12000000001956,122733.80348392586,51.97194264704953,2342.8104128960904,2361.5396545292215
45.22000000001958,122968.12624438976,52.05172278430942,2343.6447963802534,2362.4218309534517
45.320000000019604,123202.53244320203,52.13147866655857,2344.479179864417,2363.3040073776824
45.42000000001963,123437.02208036273,52.211210320948695,2345.31356334858,2364.1861838019126
45.52000000001965,123671.59515587187,52.290917774590945,2346.1479468327425,2365.068360226143
45.62000000001967,123906.2516697294,52.37060105455602,2346.9823303169055,2365.950536650373
45.720000000019695,124140.99162193535,52.45026018787427,2347.816713801069,2366.832713074604
45.82000000001972,124375.81501248972,52.52989520153582,2348.651097285232,2367.714889498834
45.92000000001974,124610.7218413925,52.609506122490494,2349.485480769395,2368.5970659230647
46.02000000001976,124845.71210864371,52.68909297764806,2350.3198642535585,2369.479242347295
46.120000000019786,125080.78581424333,52.76865579387817,2351.154247737721,2370.361418771525
46.22000000001981,125315.94295819137,52.84819459801052,2351.988631221884,2371.2435951957555
46.32000000001983,125551.18354048782,52.92770941683487,2352.8230147060476,2372.125771619986
46.420000000019854,125786.50756113268,53.00720027710116,2353.6573981902106,2373.007948044217
46.52000000001988,126021.91502012596,53.0866672055196,2354.4917816743737,2373.890124468447
46.6200000000199,126257.40591746765,53.166110228760644,2355.3261651585367,2374.772300892678
46.72000000001992,126492.98025315777,53.245529373455206,2356.1605486426997,2375.6544773169076
46.820000000019945,126728.6380271963,53.324924666194555,2356.9949321268628,2376.5366537411383
46.92000000001997,126964.37923958326,53.404296133530615,2357.829315611026,2377.4188301653685
47.02000000001999,127200.20389031862,53.483643801975795,2358.6636990951893,2378.301006589599
47.12000000002001,127436.11197940238,53.562967698003284,2359.4980825793523,2379.1831830138294
47.220000000020036,127672.10350683458,53.64226784804697,2360.3324660635153,2380.0653594380597
47.32000000002006,127908.17847261521,53.72154427850157,2361.1668495476783,2380.94753586229
47.42000000002008,128144.33687674424,53.80079701572269,2362.0012330318414,2381.82971228652
47.520000000020104,128380.57871922168,53.8800260860269,2362.8356165160044,2382.711888710751
47.62000000002013,128616.90400004755,53.95923151569186,2363.6700000001674,2383.594065134981
47.72000000002015,128853.31271922182,54.038413330956274,2364.504383484331,2384.4762415592118
47.82000000002017,129089.80487674453,54.117571558020096,2365.338766968494,2385.358417983442
47.920000000020195,129326.38047261565,54.19670622304448,2366.1731504526565,2386.2405944076722
48.02000000002022,129563.03950683516,54.275817352151925,2367.00753393682,2387.1227708319025
48.12000000002024,129799.78197940311,54.35490497142635,2367.841917420983,2388.004947256133
48.22000000002026,130036.60789031946,54.43396910691312,2368.676300905146,2388.887123680364
48.320000000020286,130273.51723958424,54.513009784619165,2369.5106843893095,2389.769300104594
48.42000000002031,130510.51002719745,54.592027030513016,2370.3450678734725,2390.651476528825
48.52000000002033,130747.58625315904,54.67102087052486,2371.1794513576356,2391.533652953055
48.620000000020354,130984.74591746904,54.74999133054669,2372.013834841798,2392.4158293772853
48.72000000002038,131221.98902012748,54.828938436432296,2372.8482183259616,2393.2980058015155
48.8200000000204,131459.31556113434,54.90786221399735,2373.6826018101247,2394.180182225746
48.92000000002042,131696.7255404896,54.986762689019514,2374.5169852942877,2395.0623586499764
49.020000000020445,131934.21895819332,55.06563988723848,2375.351368778451,2395.944535074207
49.12000000002047,132171.79581424542,55.14449383435603,2376.185752262614,2396.8267114984374
49.22000000002049,132409.45610864594,55.22332455603613,2377.0201357467768,2397.7088879226676
49.320000000020514,132647.19984139487,55.302132077905,2377.85451923094,2398.591064346898
49.420000000020536,132885.02701249224,55.380916425551156,2378.6889027151033,2399.473240771128
49.52000000002056,133122.93762193804,55.45967762452551,2379.5232861992663,2400.3554171953588
49.62000000002058,133360.9316697322,55.53841570034141,2380.3576696834293,2401.237593619589
49.720000000020605,133599.0091558748,55.61713067847474,2381.192053167593,2402.1197700438197
49.82000000002063,133837.17008036585,55.695822584364,2382.0264366517554,2403.0019464680495
49.92000000002065,134075.41444320526,55.77449144341026,2382.8608201359184,2403.88412289228
50.02000000002067,134313.7422443931,55.853137280977414,2383.695203620082,2404.766299316511
50.120000000020696,134552.15348392937,55.93176012239211,2384.529587104245,2405.6484757407416
50.22000000002072,134790.64816181405,56.01035999294387,2385.363970588408,2406.530652164972
50.32000000002074,135029.22627804716,56.08893691788513,2386.198354072571,2407.412828589202
50.420000000020764,135267.8878326287,56.16749092243135,2387.032737556734,2408.2950050134323
50.52000000002079,135506.63282555866,56.24602203176101,2387.867121040897,2409.1771814376625
50.62000000002081,135745.461256837,56.32453027101576,2388.70150452506,2410.059357861893
50.72000000002083,135984.3731264638,56.40301566530048,2389.5358880092235,2410.9415342861234
50.820000000020855,136223.36843443898,56.48147823968325,2390.3702714933866,2411.823710710354
50.92000000002088,136462.4471807626,56.559918019195564,2391.2046549775496,2412.7058871345844
51.0200000000209,136701.6093654346,56.638335028832245,2392.0390384617126,2413.5880635588146
51.12000000002092,136940.85498845504,56.71672929355165,2392.8734219458756,2414.470239983045
51.220000000020946,137180.18404982387,56.79510083827562,2393.7078054300387,2415.352416407275
51.32000000002097,137419.59654954114,56.87344968788963,2394.5421889142017,2416.234592831506
51.42000000002099,137659.09248760683,56.95177586724285,2395.376572398365,2417.116769255736
51.520000000021014,137898.67186402093,57.030079401148114,2396.210955882528,2417.9989456799667
51.62000000002104,138138.33467878346,57.10836031438215,2397.0453393666908,2418.8811221041965
51.72000000002106,138378.0809318944,57.18661863168545,2397.8797228508543,2419.763298528427
51.82000000002108,138617.91062335373,57.264854377762525,2398.7141063350173,2420.6454749526574
51.920000000021105,138857.82375316147,57.34306757728183,2399.5484898191803,2421.5276513768886
52.02000000002113,139097.82032131767,57.42125825487597,2400.3828733033433,2422.409827801119
52.12000000002115,139337.90032782225,57.499426435141565,2401.217256787507,2423.2920042253495
52.22000000002117,139578.06377267526,57.577572142639546,2402.0516402716694,2424.1741806495793
52.320000000021196,139818.3106558767,57.65569540189501,2402.8860237558324,2425.0563570738095
52.42000000002122,140058.64097742655,57.733796237397414,2403.720407239996,2425.93853349804
52.52000000002124,140299.05473732483,57.811874673600634,2404.554790724159,2426.8207099222705
52.620000000021264,140539.5519355715,57.88993073492296,2405.389174208322,2427.702886346501
52.72000000002129,140780.1325721666,57.967964445747235,2406.223557692486,2428.585062770732
52.82000000002131,141020.79680005126,58.04590347872576,2407.0610000001784,2429.4702700550847
52.92000000002133,141261.54477216673,58.123820193912046,2407.8984423078705,2430.355477339437
53.020000000021355,141502.37648851296,58.20171461568357,2408.735884615563,2431.24068462379
53.12000000002138,141743.29194908997,58.279586768382366,2409.573326923256,2432.125891908143
53.2200000000214,141984.2911538977,58.35743667631505,2410.410769230948,2433.0110991924953
53.32000000002142,142225.37410293627,58.43526436375286,2411.2482115386406,2433.896306476848
53.420000000021446,142466.54079620558,58.51306985493173,2412.0856538463336,2434.781513761201
53.52000000002147,142707.79123370565,58.59085317405239,2412.9230961540256,2435.6667210455535
53.62000000002149,142949.1254154365,58.66861434528037,2413.760538461718,2436.5519283299063
53.720000000021514,143190.54334139812,58.74635339274611,2414.597980769411,2437.4371356142597
53.82000000002154,143432.0450115905,58.82407034054502,2415.435423077103,2438.322342898612
53.92000000002156,143673.6304260136,58.901765212737494,2416.2728653847958,2439.207550182965
54.02000000002158,143915.29958466755,58.97943803334908,2417.1103076924883,2440.0927574673174
54.120000000021605,144157.05248755222,59.05708882637041,2417.947750000181,2440.97796475167
54.22000000002163,144398.88913466773,59.13471761575736,2418.7851923078733,2441.8631720360227
54.32000000002165,144640.80952601394,59.21232442543104,2419.6226346155654,2442.748379320375
54.42000000002167,144882.81366159095,59.289909279277964,2420.4600769232584,2443.633586604728
54.520000000021696,145124.9015413987,59.36747220114999,2421.297519230951,2444.518793889081
54.62000000002172,145367.07316543724,59.44501321486449,2422.134961538643,2445.4040011734332
54.72000000002174,145609.32853370655,59.522532344204315,2422.9724038463355,2446.289208457786
54.820000000021764,145851.66764620662,59.600029612917936,2423.8098461540285,2447.174415742139
54.92000000002179,146094.09050293744,59.67750504471945,2424.6472884617206,2448.0596230264914
55.02000000002181,146336.59710389905,59.7549586632887,2425.484730769413,2448.9448303108443
55.12000000002183,146579.18744909143,59.832390492271266,2426.322173077106,2449.830037595197
55.220000000021855,146821.8615385146,59.909800555278515,2427.1596153848022,2450.7152448795537
55.32000000002188,147064.62023883517,59.986768883945864,2428.0143910258275,2451.617631270581
55.4200000000219,147307.46441671986,60.06371542572455,2428.8691666668537,2452.5200176616095
55.52000000002192,147550.39407216865,60.14064020465469,2429.7239423078795,2453.4224040526383
55.620000000021946,147793.40920518155,60.217543244741066,2430.5787179489053,2454.3247904436666
55.72000000002197,148036.50981575856,60.29442456995316,2431.433493589931,2455.227176834695
55.82000000002199,148279.69590389964,60.3712842042252,2432.288269230957,2456.1295632257234
55.920000000022014,148522.96746960486,60.4481221714563,2433.143044871983,2457.0319496167517
56.02000000002204,148766.32451287415,60.52493849551044,2433.9978205130087,2457.9343360077796
56.12000000002206,149009.76703370755,60.601733200216586,2434.8525961540345,2458.8367223988075
56.22000000002208,149253.2950321051,60.678506309368736,2435.70737179506,2459.739108789836
56.320000000022105,149496.9085080667,60.75525784672596,2436.562147436086,2460.6414951808642
56.42000000002213,149740.60746159242,60.83198783601252,2437.416923077112,2461.5438815718926
56.52000000002215,149984.39189268224,60.9086963009179,2438.271698718138,2462.4462679629205
56.62000000002217,150228.26180133614,60.98538326509684,2439.1264743591637,2463.348654353949
56.720000000022196,150472.21718755417,61.062048752169474,2439.9812500001894,2464.251040744977
56.82000000002222,150716.2580513363,61.138692785721325,2440.8360256412157,2465.1534271360056
56.92000000002224,150960.38439268252,61.215315389303385,2441.6908012822414,2466.055813527034
57.020000000022264,151204.59621159284,61.29191658643222,2442.5455769232667,2466.958199918062
57.12000000002229,151448.8935080673,61.36849640059,2443.400352564293,2467.8605863090897
57.22000000002231,151693.27628210583,61.445054855224484,2444.2551282053187,2468.762972700118
57.32000000002233,151937.74453370846,61.52159197374926,2445.1099038463444,2469.6653590911465
57.420000000022355,152182.2982628752,61.59810777954365,2445.9646794873706,2470.5677454821753
57.52000000002238,152426.93746960605,61.67460229595288,2446.8194551283964,2471.4701318732036
57.6200000000224,152671.66215390098,61.751075546288035,2447.674230769422,2472.372518264232
57.720000000022424,152916.47231576004,61.82752755382622,2448.529006410448,2473.2749046552603
57.820000000022446,153161.36795518317,61.903958341810586,2449.3837820514736,2474.177291046288
57.92000000002247,153406.34907217044,61.98036793345034,2450.2385576924994,2475.079677437316
58.02000000002249,153651.4156667218,62.05675635163567,2451.0933333335024,2475.982063839724
58.02000000000004,153651.41566666675,62.05675635190372,2451.0933333333332,2475.982063828142
